"كود","اسم","قسم","فئة الرحلة","وجهة الزر الأساسي","وجهة الزر الثانوي","تصميم الصفحة","تصميم الوجهة","الانقطاع إن وجد","ملاحظة","مسار الصفحة","نمط الأزرار الفعلي","تصميم صفحة التصنيف (فتات الخبز)","رموز الانقطاع","اللغات المبنية","صفحات اللغات الخمس"
"BP-CHAMBER-01","عضوية الغرفة التجارية","تأسيس الشركات","ب — سعر + عرض سعر","إضافة للسلة (JS: bp_cart) ← /ar/cart ← /ar/checkout ← مُيسّر/تمارا","/ar/#advisor (محادثة المستشار الذكي ثم /my)","جديد (SV1)","الأساسي: السلة: جديد · الدفع: جديد | الثانوي: جديد","ينقطع بعد الدفع: السلة لا تُنشئ طلباً في /my (لا تتبّع ولا مستندات ولا تسليم؛ تأكيد بريدي + سجل CRM فقط) ؛ مسار عرض السعر: يكتمل حتى الدفع والفاتورة في /my","المستندات عامة (٣ بنود عامة) ؛ بلا قسم «ما نتولّاه» ؛ requiresProposal=true لكن الصفحة تتيح الشراء المباشر بالسلة (تتجاوز النطاق والمستندات)","/ar/services/bp-chamber-01","سعر+عرض (سلة+مشخّص)","قديم","B1","ar/en/fr/zh","لا"
"BP-PL-0066","استشارة ما قبل التأسيس","تأسيس الشركات","ب — سعر + عرض سعر","إضافة للسلة (JS: bp_cart) ← /ar/cart ← /ar/checkout ← مُيسّر/تمارا","/ar/#advisor (محادثة المستشار الذكي ثم /my)","جديد (SV1)","الأساسي: السلة: جديد · الدفع: جديد | الثانوي: جديد","ينقطع بعد الدفع: السلة لا تُنشئ طلباً في /my (لا تتبّع ولا مستندات ولا تسليم؛ تأكيد بريدي + سجل CRM فقط) ؛ مسار عرض السعر: يكتمل حتى الدفع والفاتورة في /my","المستندات عامة (٣ بنود عامة) ؛ بلا قسم «ما نتولّاه» ؛ requiresProposal=true لكن الصفحة تتيح الشراء المباشر بالسلة (تتجاوز النطاق والمستندات)","/ar/services/bp-pl-0066","سعر+عرض (سلة+مشخّص)","قديم","B1","ar/en/fr/zh","لا"
"BP-SBC-01","تأسيس شركة سعودية","تأسيس الشركات","أ — تُشترى بسلة","إضافة للسلة (JS: bp_cart) ← /ar/cart ← /ar/checkout ← مُيسّر/تمارا","","جديد (SV1)","الأساسي: السلة: جديد · الدفع: جديد","ينقطع بعد الدفع: السلة لا تُنشئ طلباً في /my (لا تتبّع ولا مستندات ولا تسليم؛ تأكيد بريدي + سجل CRM فقط)","","/ar/services/bp-sbc-01","سعر ثابت (سلة فقط)","قديم","B1","ar/en/fr/zh","لا"
"BP-SBC-02","إصدار سجل تجاري جديد","تأسيس الشركات","ب — سعر + عرض سعر","إضافة للسلة (JS: bp_cart) ← /ar/cart ← /ar/checkout ← مُيسّر/تمارا","/ar/#advisor (محادثة المستشار الذكي ثم /my)","جديد (SV1)","الأساسي: السلة: جديد · الدفع: جديد | الثانوي: جديد","ينقطع بعد الدفع: السلة لا تُنشئ طلباً في /my (لا تتبّع ولا مستندات ولا تسليم؛ تأكيد بريدي + سجل CRM فقط) ؛ مسار عرض السعر: يكتمل حتى الدفع والفاتورة في /my","requiresProposal=true لكن الصفحة تتيح الشراء المباشر بالسلة (تتجاوز النطاق والمستندات)","/ar/services/bp-sbc-02","سعر+عرض (سلة+مشخّص)","قديم","B1","ar/en/fr/zh","لا"
"BP-SBC-03","إصدار عقد تأسيس وتوثيقه (لشركة جديدة)","تأسيس الشركات","ب — سعر + عرض سعر","إضافة للسلة (JS: bp_cart) ← /ar/cart ← /ar/checkout ← مُيسّر/تمارا","/ar/#advisor (محادثة المستشار الذكي ثم /my)","جديد (SV1)","الأساسي: السلة: جديد · الدفع: جديد | الثانوي: جديد","ينقطع بعد الدفع: السلة لا تُنشئ طلباً في /my (لا تتبّع ولا مستندات ولا تسليم؛ تأكيد بريدي + سجل CRM فقط) ؛ مسار عرض السعر: يكتمل حتى الدفع والفاتورة في /my","توجد صفحة منتج موازية /ar/formation-contract (قديم) لا تربطها صفحة الخدمة ؛ requiresProposal=true لكن الصفحة تتيح الشراء المباشر بالسلة (تتجاوز النطاق والمستندات)","/ar/services/bp-sbc-03","سعر+عرض (سلة+مشخّص)","قديم","B1","ar/en/fr/zh","لا"
"BP-SBC-04","إصدار سجل تجاري","تأسيس الشركات","ب — سعر + عرض سعر","إضافة للسلة (JS: bp_cart) ← /ar/cart ← /ar/checkout ← مُيسّر/تمارا","/ar/#advisor (محادثة المستشار الذكي ثم /my)","جديد (SV1)","الأساسي: السلة: جديد · الدفع: جديد | الثانوي: جديد","ينقطع بعد الدفع: السلة لا تُنشئ طلباً في /my (لا تتبّع ولا مستندات ولا تسليم؛ تأكيد بريدي + سجل CRM فقط) ؛ مسار عرض السعر: يكتمل حتى الدفع والفاتورة في /my","requiresProposal=true لكن الصفحة تتيح الشراء المباشر بالسلة (تتجاوز النطاق والمستندات)","/ar/services/bp-sbc-04","سعر+عرض (سلة+مشخّص)","قديم","B1","ar/en/fr/zh","لا"
"BP-SBC-05","حجز اسم شركة","تأسيس الشركات","ب — سعر + عرض سعر","إضافة للسلة (JS: bp_cart) ← /ar/cart ← /ar/checkout ← مُيسّر/تمارا","/ar/#advisor (محادثة المستشار الذكي ثم /my)","جديد (SV1)","الأساسي: السلة: جديد · الدفع: جديد | الثانوي: جديد","ينقطع بعد الدفع: السلة لا تُنشئ طلباً في /my (لا تتبّع ولا مستندات ولا تسليم؛ تأكيد بريدي + سجل CRM فقط) ؛ مسار عرض السعر: يكتمل حتى الدفع والفاتورة في /my","requiresProposal=true لكن الصفحة تتيح الشراء المباشر بالسلة (تتجاوز النطاق والمستندات)","/ar/services/bp-sbc-05","سعر+عرض (سلة+مشخّص)","قديم","B1","ar/en/fr/zh","لا"
"BP-SBC-06","فتح حساب شركة على منصة أبشر أعمال","تأسيس الشركات","ب — سعر + عرض سعر","إضافة للسلة (JS: bp_cart) ← /ar/cart ← /ar/checkout ← مُيسّر/تمارا","/ar/#advisor (محادثة المستشار الذكي ثم /my)","جديد (SV1)","الأساسي: السلة: جديد · الدفع: جديد | الثانوي: جديد","ينقطع بعد الدفع: السلة لا تُنشئ طلباً في /my (لا تتبّع ولا مستندات ولا تسليم؛ تأكيد بريدي + سجل CRM فقط) ؛ مسار عرض السعر: يكتمل حتى الدفع والفاتورة في /my","requiresProposal=true لكن الصفحة تتيح الشراء المباشر بالسلة (تتجاوز النطاق والمستندات)","/ar/services/bp-sbc-06","سعر+عرض (سلة+مشخّص)","قديم","B1","ar/en/fr/zh","لا"
"BP-SBC-07","فتح فرع لشركة قائمة (محلية أو أجنبية)","تأسيس الشركات","ب — سعر + عرض سعر","إضافة للسلة (JS: bp_cart) ← /ar/cart ← /ar/checkout ← مُيسّر/تمارا","/ar/#advisor (محادثة المستشار الذكي ثم /my)","جديد (SV1)","الأساسي: السلة: جديد · الدفع: جديد | الثانوي: جديد","ينقطع بعد الدفع: السلة لا تُنشئ طلباً في /my (لا تتبّع ولا مستندات ولا تسليم؛ تأكيد بريدي + سجل CRM فقط) ؛ مسار عرض السعر: يكتمل حتى الدفع والفاتورة في /my","requiresProposal=true لكن الصفحة تتيح الشراء المباشر بالسلة (تتجاوز النطاق والمستندات)","/ar/services/bp-sbc-07","سعر+عرض (سلة+مشخّص)","قديم","B1","ar/en/fr/zh","لا"
"BP-SBC-08","تصفية شركة (شطب السجل وإنهاء الكيان)","تأسيس الشركات","ب — سعر + عرض سعر","إضافة للسلة (JS: bp_cart) ← /ar/cart ← /ar/checkout ← مُيسّر/تمارا","/ar/#advisor (محادثة المستشار الذكي ثم /my)","جديد (SV1)","الأساسي: السلة: جديد · الدفع: جديد | الثانوي: جديد","ينقطع بعد الدفع: السلة لا تُنشئ طلباً في /my (لا تتبّع ولا مستندات ولا تسليم؛ تأكيد بريدي + سجل CRM فقط) ؛ مسار عرض السعر: يكتمل حتى الدفع والفاتورة في /my","requiresProposal=true لكن الصفحة تتيح الشراء المباشر بالسلة (تتجاوز النطاق والمستندات)","/ar/services/bp-sbc-08","سعر+عرض (سلة+مشخّص)","قديم","B1","ar/en/fr/zh","لا"
"BP-SBC-09","إصدار شهادة شطب سجل تجاري","تأسيس الشركات","ب — سعر + عرض سعر","إضافة للسلة (JS: bp_cart) ← /ar/cart ← /ar/checkout ← مُيسّر/تمارا","/ar/#advisor (محادثة المستشار الذكي ثم /my)","جديد (SV1)","الأساسي: السلة: جديد · الدفع: جديد | الثانوي: جديد","ينقطع بعد الدفع: السلة لا تُنشئ طلباً في /my (لا تتبّع ولا مستندات ولا تسليم؛ تأكيد بريدي + سجل CRM فقط) ؛ مسار عرض السعر: يكتمل حتى الدفع والفاتورة في /my","requiresProposal=true لكن الصفحة تتيح الشراء المباشر بالسلة (تتجاوز النطاق والمستندات)","/ar/services/bp-sbc-09","سعر+عرض (سلة+مشخّص)","قديم","B1","ar/en/fr/zh","لا"
"BP-SBC-10","تعديل عقد تأسيس / قرارات شركاء","تأسيس الشركات","ب — سعر + عرض سعر","إضافة للسلة (JS: bp_cart) ← /ar/cart ← /ar/checkout ← مُيسّر/تمارا","/ar/#advisor (محادثة المستشار الذكي ثم /my)","جديد (SV1)","الأساسي: السلة: جديد · الدفع: جديد | الثانوي: جديد","ينقطع بعد الدفع: السلة لا تُنشئ طلباً في /my (لا تتبّع ولا مستندات ولا تسليم؛ تأكيد بريدي + سجل CRM فقط) ؛ مسار عرض السعر: يكتمل حتى الدفع والفاتورة في /my","requiresProposal=true لكن الصفحة تتيح الشراء المباشر بالسلة (تتجاوز النطاق والمستندات)","/ar/services/bp-sbc-10","سعر+عرض (سلة+مشخّص)","قديم","B1","ar/en/fr/zh","لا"
"BP-SBC-11","تعديل سجل تجاري","تأسيس الشركات","ب — سعر + عرض سعر","إضافة للسلة (JS: bp_cart) ← /ar/cart ← /ar/checkout ← مُيسّر/تمارا","/ar/#advisor (محادثة المستشار الذكي ثم /my)","جديد (SV1)","الأساسي: السلة: جديد · الدفع: جديد | الثانوي: جديد","ينقطع بعد الدفع: السلة لا تُنشئ طلباً في /my (لا تتبّع ولا مستندات ولا تسليم؛ تأكيد بريدي + سجل CRM فقط) ؛ مسار عرض السعر: يكتمل حتى الدفع والفاتورة في /my","requiresProposal=true لكن الصفحة تتيح الشراء المباشر بالسلة (تتجاوز النطاق والمستندات)","/ar/services/bp-sbc-11","سعر+عرض (سلة+مشخّص)","قديم","B1","ar/en/fr/zh","لا"
"BP-SBC-12","حجز اسم تجاري","تأسيس الشركات","ب — سعر + عرض سعر","إضافة للسلة (JS: bp_cart) ← /ar/cart ← /ar/checkout ← مُيسّر/تمارا","/ar/#advisor (محادثة المستشار الذكي ثم /my)","جديد (SV1)","الأساسي: السلة: جديد · الدفع: جديد | الثانوي: جديد","ينقطع بعد الدفع: السلة لا تُنشئ طلباً في /my (لا تتبّع ولا مستندات ولا تسليم؛ تأكيد بريدي + سجل CRM فقط) ؛ مسار عرض السعر: يكتمل حتى الدفع والفاتورة في /my","requiresProposal=true لكن الصفحة تتيح الشراء المباشر بالسلة (تتجاوز النطاق والمستندات)","/ar/services/bp-sbc-12","سعر+عرض (سلة+مشخّص)","قديم","B1","ar/en/fr/zh","لا"
"BP-SBC-13","شطب سجل تجاري (إلغاء السجل)","تأسيس الشركات","ب — سعر + عرض سعر","إضافة للسلة (JS: bp_cart) ← /ar/cart ← /ar/checkout ← مُيسّر/تمارا","/ar/#advisor (محادثة المستشار الذكي ثم /my)","جديد (SV1)","الأساسي: السلة: جديد · الدفع: جديد | الثانوي: جديد","ينقطع بعد الدفع: السلة لا تُنشئ طلباً في /my (لا تتبّع ولا مستندات ولا تسليم؛ تأكيد بريدي + سجل CRM فقط) ؛ مسار عرض السعر: يكتمل حتى الدفع والفاتورة في /my","requiresProposal=true لكن الصفحة تتيح الشراء المباشر بالسلة (تتجاوز النطاق والمستندات)","/ar/services/bp-sbc-13","سعر+عرض (سلة+مشخّص)","قديم","B1","ar/en/fr/zh","لا"
"BP-SBC-14","تحويل الشكل القانوني للمنشأة","تأسيس الشركات","ب — سعر + عرض سعر","إضافة للسلة (JS: bp_cart) ← /ar/cart ← /ar/checkout ← مُيسّر/تمارا","/ar/#advisor (محادثة المستشار الذكي ثم /my)","جديد (SV1)","الأساسي: السلة: جديد · الدفع: جديد | الثانوي: جديد","ينقطع بعد الدفع: السلة لا تُنشئ طلباً في /my (لا تتبّع ولا مستندات ولا تسليم؛ تأكيد بريدي + سجل CRM فقط) ؛ مسار عرض السعر: يكتمل حتى الدفع والفاتورة في /my","requiresProposal=true لكن الصفحة تتيح الشراء المباشر بالسلة (تتجاوز النطاق والمستندات)","/ar/services/bp-sbc-14","سعر+عرض (سلة+مشخّص)","قديم","B1","ar/en/fr/zh","لا"
"BP-SBC-15","صياغة عقد التأسيس ودعم التوثيق","تأسيس الشركات","ب — سعر + عرض سعر","إضافة للسلة (JS: bp_cart) ← /ar/cart ← /ar/checkout ← مُيسّر/تمارا","/ar/#advisor (محادثة المستشار الذكي ثم /my)","جديد (SV1)","الأساسي: السلة: جديد · الدفع: جديد | الثانوي: جديد","ينقطع بعد الدفع: السلة لا تُنشئ طلباً في /my (لا تتبّع ولا مستندات ولا تسليم؛ تأكيد بريدي + سجل CRM فقط) ؛ مسار عرض السعر: يكتمل حتى الدفع والفاتورة في /my","توجد صفحة منتج موازية /ar/formation-contract (قديم) لا تربطها صفحة الخدمة ؛ requiresProposal=true لكن الصفحة تتيح الشراء المباشر بالسلة (تتجاوز النطاق والمستندات)","/ar/services/bp-sbc-15","سعر+عرض (سلة+مشخّص)","قديم","B1","ar/en/fr/zh","لا"
"BP-SBC-16","خدمات تأسيس مصانع وإصدار تراخيص صناعية","تأسيس الشركات","ب — سعر + عرض سعر","إضافة للسلة (JS: bp_cart) ← /ar/cart ← /ar/checkout ← مُيسّر/تمارا","/ar/#advisor (محادثة المستشار الذكي ثم /my)","جديد (SV1)","الأساسي: السلة: جديد · الدفع: جديد | الثانوي: جديد","ينقطع بعد الدفع: السلة لا تُنشئ طلباً في /my (لا تتبّع ولا مستندات ولا تسليم؛ تأكيد بريدي + سجل CRM فقط) ؛ مسار عرض السعر: يكتمل حتى الدفع والفاتورة في /my","requiresProposal=true لكن الصفحة تتيح الشراء المباشر بالسلة (تتجاوز النطاق والمستندات)","/ar/services/bp-sbc-16","سعر+عرض (سلة+مشخّص)","قديم","B1","ar/en/fr/zh","لا"
"BP-SBC-17","طلب إفادة تجارية (خطاب من وزارة التجارة)","تأسيس الشركات","ب — سعر + عرض سعر","إضافة للسلة (JS: bp_cart) ← /ar/cart ← /ar/checkout ← مُيسّر/تمارا","/ar/#advisor (محادثة المستشار الذكي ثم /my)","جديد (SV1)","الأساسي: السلة: جديد · الدفع: جديد | الثانوي: جديد","ينقطع بعد الدفع: السلة لا تُنشئ طلباً في /my (لا تتبّع ولا مستندات ولا تسليم؛ تأكيد بريدي + سجل CRM فقط) ؛ مسار عرض السعر: يكتمل حتى الدفع والفاتورة في /my","requiresProposal=true لكن الصفحة تتيح الشراء المباشر بالسلة (تتجاوز النطاق والمستندات)","/ar/services/bp-sbc-17","سعر+عرض (سلة+مشخّص)","قديم","B1","ar/en/fr/zh","لا"
"BP-SBC-18","تحويل مؤسسة إلى شركة (أو العكس)","تأسيس الشركات","ب — سعر + عرض سعر","إضافة للسلة (JS: bp_cart) ← /ar/cart ← /ar/checkout ← مُيسّر/تمارا","/ar/#advisor (محادثة المستشار الذكي ثم /my)","جديد (SV1)","الأساسي: السلة: جديد · الدفع: جديد | الثانوي: جديد","ينقطع بعد الدفع: السلة لا تُنشئ طلباً في /my (لا تتبّع ولا مستندات ولا تسليم؛ تأكيد بريدي + سجل CRM فقط) ؛ مسار عرض السعر: يكتمل حتى الدفع والفاتورة في /my","requiresProposal=true لكن الصفحة تتيح الشراء المباشر بالسلة (تتجاوز النطاق والمستندات)","/ar/services/bp-sbc-18","سعر+عرض (سلة+مشخّص)","قديم","B1","ar/en/fr/zh","لا"
"BP-SBC-19","تجديد سجل تجاري","تأسيس الشركات","ب — سعر + عرض سعر","إضافة للسلة (JS: bp_cart) ← /ar/cart ← /ar/checkout ← مُيسّر/تمارا","/ar/#advisor (محادثة المستشار الذكي ثم /my)","جديد (SV1)","الأساسي: السلة: جديد · الدفع: جديد | الثانوي: جديد","ينقطع بعد الدفع: السلة لا تُنشئ طلباً في /my (لا تتبّع ولا مستندات ولا تسليم؛ تأكيد بريدي + سجل CRM فقط) ؛ مسار عرض السعر: يكتمل حتى الدفع والفاتورة في /my","requiresProposal=true لكن الصفحة تتيح الشراء المباشر بالسلة (تتجاوز النطاق والمستندات)","/ar/services/bp-sbc-19","سعر+عرض (سلة+مشخّص)","قديم","B1","ar/en/fr/zh","لا"
"BP-SBC-20","استخراج مستخرج سجل تجاري تفصيلي","تأسيس الشركات","ب — سعر + عرض سعر","إضافة للسلة (JS: bp_cart) ← /ar/cart ← /ar/checkout ← مُيسّر/تمارا","/ar/#advisor (محادثة المستشار الذكي ثم /my)","جديد (SV1)","الأساسي: السلة: جديد · الدفع: جديد | الثانوي: جديد","ينقطع بعد الدفع: السلة لا تُنشئ طلباً في /my (لا تتبّع ولا مستندات ولا تسليم؛ تأكيد بريدي + سجل CRM فقط) ؛ مسار عرض السعر: يكتمل حتى الدفع والفاتورة في /my","requiresProposal=true لكن الصفحة تتيح الشراء المباشر بالسلة (تتجاوز النطاق والمستندات)","/ar/services/bp-sbc-20","سعر+عرض (سلة+مشخّص)","قديم","B1","ar/en/fr/zh","لا"
"BP-FI-01","تأسيس شركة لمستثمر أجنبي","الاستثمار الأجنبي","ب — سعر + عرض سعر","إضافة للسلة (JS: bp_cart) ← /ar/cart ← /ar/checkout ← مُيسّر/تمارا","/ar/#advisor (محادثة المستشار الذكي ثم /my)","جديد (SV1)","الأساسي: السلة: جديد · الدفع: جديد | الثانوي: جديد","ينقطع بعد الدفع: السلة لا تُنشئ طلباً في /my (لا تتبّع ولا مستندات ولا تسليم؛ تأكيد بريدي + سجل CRM فقط) ؛ مسار عرض السعر: يكتمل حتى الدفع والفاتورة في /my","requiresProposal=true لكن الصفحة تتيح الشراء المباشر بالسلة (تتجاوز النطاق والمستندات)","/ar/services/bp-fi-01","سعر+عرض (سلة+مشخّص)","قديم","B1","ar/en/fr/zh","لا"
"BP-FI-02","استخراج ترخيص استثمار أجنبي (مستثمر أجنبي)","الاستثمار الأجنبي","ب — سعر + عرض سعر","إضافة للسلة (JS: bp_cart) ← /ar/cart ← /ar/checkout ← مُيسّر/تمارا","/ar/#advisor (محادثة المستشار الذكي ثم /my)","جديد (SV1)","الأساسي: السلة: جديد · الدفع: جديد | الثانوي: جديد","ينقطع بعد الدفع: السلة لا تُنشئ طلباً في /my (لا تتبّع ولا مستندات ولا تسليم؛ تأكيد بريدي + سجل CRM فقط) ؛ مسار عرض السعر: يكتمل حتى الدفع والفاتورة في /my","requiresProposal=true لكن الصفحة تتيح الشراء المباشر بالسلة (تتجاوز النطاق والمستندات)","/ar/services/bp-fi-02","سعر+عرض (سلة+مشخّص)","قديم","B1","ar/en/fr/zh","لا"
"BP-FI-03","تأسيس شركة أجنبية 100% ملكية (فرع أجنبي)","الاستثمار الأجنبي","ب — سعر + عرض سعر","إضافة للسلة (JS: bp_cart) ← /ar/cart ← /ar/checkout ← مُيسّر/تمارا","/ar/#advisor (محادثة المستشار الذكي ثم /my)","جديد (SV1)","الأساسي: السلة: جديد · الدفع: جديد | الثانوي: جديد","ينقطع بعد الدفع: السلة لا تُنشئ طلباً في /my (لا تتبّع ولا مستندات ولا تسليم؛ تأكيد بريدي + سجل CRM فقط) ؛ مسار عرض السعر: يكتمل حتى الدفع والفاتورة في /my","requiresProposal=true لكن الصفحة تتيح الشراء المباشر بالسلة (تتجاوز النطاق والمستندات)","/ar/services/bp-fi-03","سعر+عرض (سلة+مشخّص)","قديم","B1","ar/en/fr/zh","لا"
"BP-FI-04","تأسيس شركة بشراكة أجنبية (مشتركة)","الاستثمار الأجنبي","ب — سعر + عرض سعر","إضافة للسلة (JS: bp_cart) ← /ar/cart ← /ar/checkout ← مُيسّر/تمارا","/ar/#advisor (محادثة المستشار الذكي ثم /my)","جديد (SV1)","الأساسي: السلة: جديد · الدفع: جديد | الثانوي: جديد","ينقطع بعد الدفع: السلة لا تُنشئ طلباً في /my (لا تتبّع ولا مستندات ولا تسليم؛ تأكيد بريدي + سجل CRM فقط) ؛ مسار عرض السعر: يكتمل حتى الدفع والفاتورة في /my","requiresProposal=true لكن الصفحة تتيح الشراء المباشر بالسلة (تتجاوز النطاق والمستندات)","/ar/services/bp-fi-04","سعر+عرض (سلة+مشخّص)","قديم","B1","ar/en/fr/zh","لا"
"BP-FI-05","تأسيس شركة برخصة ريادة الأعمال (رائد أعمال)","الاستثمار الأجنبي","ب — سعر + عرض سعر","إضافة للسلة (JS: bp_cart) ← /ar/cart ← /ar/checkout ← مُيسّر/تمارا","/ar/#advisor (محادثة المستشار الذكي ثم /my)","جديد (SV1)","الأساسي: السلة: جديد · الدفع: جديد | الثانوي: جديد","ينقطع بعد الدفع: السلة لا تُنشئ طلباً في /my (لا تتبّع ولا مستندات ولا تسليم؛ تأكيد بريدي + سجل CRM فقط) ؛ مسار عرض السعر: يكتمل حتى الدفع والفاتورة في /my","requiresProposal=true لكن الصفحة تتيح الشراء المباشر بالسلة (تتجاوز النطاق والمستندات)","/ar/services/bp-fi-05","سعر+عرض (سلة+مشخّص)","قديم","B1","ar/en/fr/zh","لا"
"BP-FI-06","تسجيل فرع لشركة أجنبية","الاستثمار الأجنبي","ب — سعر + عرض سعر","إضافة للسلة (JS: bp_cart) ← /ar/cart ← /ar/checkout ← مُيسّر/تمارا","/ar/#advisor (محادثة المستشار الذكي ثم /my)","جديد (SV1)","الأساسي: السلة: جديد · الدفع: جديد | الثانوي: جديد","ينقطع بعد الدفع: السلة لا تُنشئ طلباً في /my (لا تتبّع ولا مستندات ولا تسليم؛ تأكيد بريدي + سجل CRM فقط) ؛ مسار عرض السعر: يكتمل حتى الدفع والفاتورة في /my","requiresProposal=true لكن الصفحة تتيح الشراء المباشر بالسلة (تتجاوز النطاق والمستندات)","/ar/services/bp-fi-06","سعر+عرض (سلة+مشخّص)","قديم","B1","ar/en/fr/zh","لا"
"BP-PR-01","خدمة الإقامة المميزة (إجراءات + تقديم)","الإقامة المميزة","ب — سعر + عرض سعر","إضافة للسلة (JS: bp_cart) ← /ar/cart ← /ar/checkout ← مُيسّر/تمارا","/ar/#advisor (محادثة المستشار الذكي ثم /my)","جديد (SV1)","الأساسي: السلة: جديد · الدفع: جديد | الثانوي: جديد","ينقطع بعد الدفع: السلة لا تُنشئ طلباً في /my (لا تتبّع ولا مستندات ولا تسليم؛ تأكيد بريدي + سجل CRM فقط) ؛ مسار عرض السعر: يكتمل حتى الدفع والفاتورة في /my","requiresProposal=true لكن الصفحة تتيح الشراء المباشر بالسلة (تتجاوز النطاق والمستندات)","/ar/services/bp-pr-01","سعر+عرض (سلة+مشخّص)","قديم","B1","ar/en/fr/zh","لا"
"BP-PR-02","استشارة الإقامة المميزة","الإقامة المميزة","أ — تُشترى بسلة","إضافة للسلة (JS: bp_cart) ← /ar/cart ← /ar/checkout ← مُيسّر/تمارا","","جديد (SV1)","الأساسي: السلة: جديد · الدفع: جديد","ينقطع بعد الدفع: السلة لا تُنشئ طلباً في /my (لا تتبّع ولا مستندات ولا تسليم؛ تأكيد بريدي + سجل CRM فقط)","","/ar/services/bp-pr-02","سعر ثابت (سلة فقط)","قديم","B1","ar/en/fr/zh","لا"
"BP-ABSHER-01","تفعيل أبشر أعمال","العلاقات الحكومية","ب — سعر + عرض سعر","إضافة للسلة (JS: bp_cart) ← /ar/cart ← /ar/checkout ← مُيسّر/تمارا","/ar/#advisor (محادثة المستشار الذكي ثم /my)","جديد (SV1)","الأساسي: السلة: جديد · الدفع: جديد | الثانوي: جديد","ينقطع بعد الدفع: السلة لا تُنشئ طلباً في /my (لا تتبّع ولا مستندات ولا تسليم؛ تأكيد بريدي + سجل CRM فقط) ؛ مسار عرض السعر: يكتمل حتى الدفع والفاتورة في /my","requiresProposal=true لكن الصفحة تتيح الشراء المباشر بالسلة (تتجاوز النطاق والمستندات)","/ar/services/bp-absher-01","سعر+عرض (سلة+مشخّص)","قديم","B1","ar/en/fr/zh","لا"
"BP-BALADY-01","إصدار رخصة بلدية (مقر تجاري)","العلاقات الحكومية","ب — سعر + عرض سعر","إضافة للسلة (JS: bp_cart) ← /ar/cart ← /ar/checkout ← مُيسّر/تمارا","/ar/#advisor (محادثة المستشار الذكي ثم /my)","جديد (SV1)","الأساسي: السلة: جديد · الدفع: جديد | الثانوي: جديد","ينقطع بعد الدفع: السلة لا تُنشئ طلباً في /my (لا تتبّع ولا مستندات ولا تسليم؛ تأكيد بريدي + سجل CRM فقط) ؛ مسار عرض السعر: يكتمل حتى الدفع والفاتورة في /my","requiresProposal=true لكن الصفحة تتيح الشراء المباشر بالسلة (تتجاوز النطاق والمستندات)","/ar/services/bp-balady-01","سعر+عرض (سلة+مشخّص)","قديم","B1","ar/en/fr/zh","لا"
"BP-BALADY-02","عقد نظافة إلكتروني (متطلب بلدي)","العلاقات الحكومية","ب — سعر + عرض سعر","إضافة للسلة (JS: bp_cart) ← /ar/cart ← /ar/checkout ← مُيسّر/تمارا","/ar/#advisor (محادثة المستشار الذكي ثم /my)","جديد (SV1)","الأساسي: السلة: جديد · الدفع: جديد | الثانوي: جديد","ينقطع بعد الدفع: السلة لا تُنشئ طلباً في /my (لا تتبّع ولا مستندات ولا تسليم؛ تأكيد بريدي + سجل CRM فقط) ؛ مسار عرض السعر: يكتمل حتى الدفع والفاتورة في /my","المستندات عامة (٣ بنود عامة) ؛ بلا قسم «ما نتولّاه» ؛ requiresProposal=true لكن الصفحة تتيح الشراء المباشر بالسلة (تتجاوز النطاق والمستندات)","/ar/services/bp-balady-02","سعر+عرض (سلة+مشخّص)","قديم","B1","ar/en/fr/zh","لا"
"BP-GOSI-01","التسجيل في التأمينات الاجتماعية (GOSI)","العلاقات الحكومية","ب — سعر + عرض سعر","إضافة للسلة (JS: bp_cart) ← /ar/cart ← /ar/checkout ← مُيسّر/تمارا","/ar/#advisor (محادثة المستشار الذكي ثم /my)","جديد (SV1)","الأساسي: السلة: جديد · الدفع: جديد | الثانوي: جديد","ينقطع بعد الدفع: السلة لا تُنشئ طلباً في /my (لا تتبّع ولا مستندات ولا تسليم؛ تأكيد بريدي + سجل CRM فقط) ؛ مسار عرض السعر: يكتمل حتى الدفع والفاتورة في /my","requiresProposal=true لكن الصفحة تتيح الشراء المباشر بالسلة (تتجاوز النطاق والمستندات)","/ar/services/bp-gosi-01","سعر+عرض (سلة+مشخّص)","قديم","B1","ar/en/fr/zh","لا"
"BP-GOSI-02","إضافة موظف سعودي في التأمينات","العلاقات الحكومية","ب — سعر + عرض سعر","إضافة للسلة (JS: bp_cart) ← /ar/cart ← /ar/checkout ← مُيسّر/تمارا","/ar/#advisor (محادثة المستشار الذكي ثم /my)","جديد (SV1)","الأساسي: السلة: جديد · الدفع: جديد | الثانوي: جديد","ينقطع بعد الدفع: السلة لا تُنشئ طلباً في /my (لا تتبّع ولا مستندات ولا تسليم؛ تأكيد بريدي + سجل CRM فقط) ؛ مسار عرض السعر: يكتمل حتى الدفع والفاتورة في /my","requiresProposal=true لكن الصفحة تتيح الشراء المباشر بالسلة (تتجاوز النطاق والمستندات)","/ar/services/bp-gosi-02","سعر+عرض (سلة+مشخّص)","قديم","B1","ar/en/fr/zh","لا"
"BP-GOSI-03","استخراج شهادة التأمينات الاجتماعية","العلاقات الحكومية","ب — سعر + عرض سعر","إضافة للسلة (JS: bp_cart) ← /ar/cart ← /ar/checkout ← مُيسّر/تمارا","/ar/#advisor (محادثة المستشار الذكي ثم /my)","جديد (SV1)","الأساسي: السلة: جديد · الدفع: جديد | الثانوي: جديد","ينقطع بعد الدفع: السلة لا تُنشئ طلباً في /my (لا تتبّع ولا مستندات ولا تسليم؛ تأكيد بريدي + سجل CRM فقط) ؛ مسار عرض السعر: يكتمل حتى الدفع والفاتورة في /my","requiresProposal=true لكن الصفحة تتيح الشراء المباشر بالسلة (تتجاوز النطاق والمستندات)","/ar/services/bp-gosi-03","سعر+عرض (سلة+مشخّص)","قديم","B1","ar/en/fr/zh","لا"
"BP-GR-01","تصنيف المقاولين (شهادة تصنيف)","العلاقات الحكومية","ب — سعر + عرض سعر","إضافة للسلة (JS: bp_cart) ← /ar/cart ← /ar/checkout ← مُيسّر/تمارا","/ar/#advisor (محادثة المستشار الذكي ثم /my)","جديد (SV1)","الأساسي: السلة: جديد · الدفع: جديد | الثانوي: جديد","ينقطع بعد الدفع: السلة لا تُنشئ طلباً في /my (لا تتبّع ولا مستندات ولا تسليم؛ تأكيد بريدي + سجل CRM فقط) ؛ مسار عرض السعر: يكتمل حتى الدفع والفاتورة في /my","requiresProposal=true لكن الصفحة تتيح الشراء المباشر بالسلة (تتجاوز النطاق والمستندات)","/ar/services/bp-gr-01","سعر+عرض (سلة+مشخّص)","قديم","B1","ar/en/fr/zh","لا"
"BP-MOD-01","إصدار تصريح الدفاع المدني (شهادة سلامة)","العلاقات الحكومية","ب — سعر + عرض سعر","إضافة للسلة (JS: bp_cart) ← /ar/cart ← /ar/checkout ← مُيسّر/تمارا","/ar/#advisor (محادثة المستشار الذكي ثم /my)","جديد (SV1)","الأساسي: السلة: جديد · الدفع: جديد | الثانوي: جديد","ينقطع بعد الدفع: السلة لا تُنشئ طلباً في /my (لا تتبّع ولا مستندات ولا تسليم؛ تأكيد بريدي + سجل CRM فقط) ؛ مسار عرض السعر: يكتمل حتى الدفع والفاتورة في /my","requiresProposal=true لكن الصفحة تتيح الشراء المباشر بالسلة (تتجاوز النطاق والمستندات)","/ar/services/bp-mod-01","سعر+عرض (سلة+مشخّص)","قديم","B1","ar/en/fr/zh","لا"
"BP-MOD-02","تقرير فني سلامة (متطلب الدفاع المدني)","العلاقات الحكومية","ب — سعر + عرض سعر","إضافة للسلة (JS: bp_cart) ← /ar/cart ← /ar/checkout ← مُيسّر/تمارا","/ar/#advisor (محادثة المستشار الذكي ثم /my)","جديد (SV1)","الأساسي: السلة: جديد · الدفع: جديد | الثانوي: جديد","ينقطع بعد الدفع: السلة لا تُنشئ طلباً في /my (لا تتبّع ولا مستندات ولا تسليم؛ تأكيد بريدي + سجل CRM فقط) ؛ مسار عرض السعر: يكتمل حتى الدفع والفاتورة في /my","requiresProposal=true لكن الصفحة تتيح الشراء المباشر بالسلة (تتجاوز النطاق والمستندات)","/ar/services/bp-mod-02","سعر+عرض (سلة+مشخّص)","قديم","B1","ar/en/fr/zh","لا"
"BP-MUDAD-01","إعداد منصة مدد لنظام حماية الأجور","العلاقات الحكومية","ب — سعر + عرض سعر","إضافة للسلة (JS: bp_cart) ← /ar/cart ← /ar/checkout ← مُيسّر/تمارا","/ar/#advisor (محادثة المستشار الذكي ثم /my)","جديد (SV1)","الأساسي: السلة: جديد · الدفع: جديد | الثانوي: جديد","ينقطع بعد الدفع: السلة لا تُنشئ طلباً في /my (لا تتبّع ولا مستندات ولا تسليم؛ تأكيد بريدي + سجل CRM فقط) ؛ مسار عرض السعر: يكتمل حتى الدفع والفاتورة في /my","requiresProposal=true لكن الصفحة تتيح الشراء المباشر بالسلة (تتجاوز النطاق والمستندات)","/ar/services/bp-mudad-01","سعر+عرض (سلة+مشخّص)","قديم","B1","ar/en/fr/zh","لا"
"BP-MUQEEM-01","إصدار تأشيرة خروج وعودة","العلاقات الحكومية","ب — سعر + عرض سعر","إضافة للسلة (JS: bp_cart) ← /ar/cart ← /ar/checkout ← مُيسّر/تمارا","/ar/#advisor (محادثة المستشار الذكي ثم /my)","جديد (SV1)","الأساسي: السلة: جديد · الدفع: جديد | الثانوي: جديد","ينقطع بعد الدفع: السلة لا تُنشئ طلباً في /my (لا تتبّع ولا مستندات ولا تسليم؛ تأكيد بريدي + سجل CRM فقط) ؛ مسار عرض السعر: يكتمل حتى الدفع والفاتورة في /my","requiresProposal=true لكن الصفحة تتيح الشراء المباشر بالسلة (تتجاوز النطاق والمستندات)","/ar/services/bp-muqeem-01","سعر+عرض (سلة+مشخّص)","قديم","B1","ar/en/fr/zh","لا"
"BP-QIWA-01","إعداد وتفعيل منصة قوى","العلاقات الحكومية","ب — سعر + عرض سعر","إضافة للسلة (JS: bp_cart) ← /ar/cart ← /ar/checkout ← مُيسّر/تمارا","/ar/#advisor (محادثة المستشار الذكي ثم /my)","جديد (SV1)","الأساسي: السلة: جديد · الدفع: جديد | الثانوي: جديد","ينقطع بعد الدفع: السلة لا تُنشئ طلباً في /my (لا تتبّع ولا مستندات ولا تسليم؛ تأكيد بريدي + سجل CRM فقط) ؛ مسار عرض السعر: يكتمل حتى الدفع والفاتورة في /my","requiresProposal=true لكن الصفحة تتيح الشراء المباشر بالسلة (تتجاوز النطاق والمستندات)","/ar/services/bp-qiwa-01","سعر+عرض (سلة+مشخّص)","قديم","B1","ar/en/fr/zh","لا"
"BP-QIWA-02","نقل كفالة عامل (نقل خدمة)","العلاقات الحكومية","ب — سعر + عرض سعر","إضافة للسلة (JS: bp_cart) ← /ar/cart ← /ar/checkout ← مُيسّر/تمارا","/ar/#advisor (محادثة المستشار الذكي ثم /my)","جديد (SV1)","الأساسي: السلة: جديد · الدفع: جديد | الثانوي: جديد","ينقطع بعد الدفع: السلة لا تُنشئ طلباً في /my (لا تتبّع ولا مستندات ولا تسليم؛ تأكيد بريدي + سجل CRM فقط) ؛ مسار عرض السعر: يكتمل حتى الدفع والفاتورة في /my","requiresProposal=true لكن الصفحة تتيح الشراء المباشر بالسلة (تتجاوز النطاق والمستندات)","/ar/services/bp-qiwa-02","سعر+عرض (سلة+مشخّص)","قديم","B1","ar/en/fr/zh","لا"
"BP-QIWA-03","تغيير مهنة عامل","العلاقات الحكومية","ب — سعر + عرض سعر","إضافة للسلة (JS: bp_cart) ← /ar/cart ← /ar/checkout ← مُيسّر/تمارا","/ar/#advisor (محادثة المستشار الذكي ثم /my)","جديد (SV1)","الأساسي: السلة: جديد · الدفع: جديد | الثانوي: جديد","ينقطع بعد الدفع: السلة لا تُنشئ طلباً في /my (لا تتبّع ولا مستندات ولا تسليم؛ تأكيد بريدي + سجل CRM فقط) ؛ مسار عرض السعر: يكتمل حتى الدفع والفاتورة في /my","requiresProposal=true لكن الصفحة تتيح الشراء المباشر بالسلة (تتجاوز النطاق والمستندات)","/ar/services/bp-qiwa-03","سعر+عرض (سلة+مشخّص)","قديم","B1","ar/en/fr/zh","لا"
"BP-QIWA-04","إضافة مفوض لمنشأة","العلاقات الحكومية","ب — سعر + عرض سعر","إضافة للسلة (JS: bp_cart) ← /ar/cart ← /ar/checkout ← مُيسّر/تمارا","/ar/#advisor (محادثة المستشار الذكي ثم /my)","جديد (SV1)","الأساسي: السلة: جديد · الدفع: جديد | الثانوي: جديد","ينقطع بعد الدفع: السلة لا تُنشئ طلباً في /my (لا تتبّع ولا مستندات ولا تسليم؛ تأكيد بريدي + سجل CRM فقط) ؛ مسار عرض السعر: يكتمل حتى الدفع والفاتورة في /my","requiresProposal=true لكن الصفحة تتيح الشراء المباشر بالسلة (تتجاوز النطاق والمستندات)","/ar/services/bp-qiwa-04","سعر+عرض (سلة+مشخّص)","قديم","B1","ar/en/fr/zh","لا"
"BP-SAIP-01","تسجيل علامة تجارية جديدة","العلاقات الحكومية","ب — سعر + عرض سعر","إضافة للسلة (JS: bp_cart) ← /ar/cart ← /ar/checkout ← مُيسّر/تمارا","/ar/#advisor (محادثة المستشار الذكي ثم /my)","جديد (SV1)","الأساسي: السلة: جديد · الدفع: جديد | الثانوي: جديد","ينقطع بعد الدفع: السلة لا تُنشئ طلباً في /my (لا تتبّع ولا مستندات ولا تسليم؛ تأكيد بريدي + سجل CRM فقط) ؛ مسار عرض السعر: يكتمل حتى الدفع والفاتورة في /my","requiresProposal=true لكن الصفحة تتيح الشراء المباشر بالسلة (تتجاوز النطاق والمستندات)","/ar/services/bp-saip-01","سعر+عرض (سلة+مشخّص)","قديم","B1","ar/en/fr/zh","لا"
"BP-SUBL-01","التسجيل في العنوان الوطني","العلاقات الحكومية","ب — سعر + عرض سعر","إضافة للسلة (JS: bp_cart) ← /ar/cart ← /ar/checkout ← مُيسّر/تمارا","/ar/#advisor (محادثة المستشار الذكي ثم /my)","جديد (SV1)","الأساسي: السلة: جديد · الدفع: جديد | الثانوي: جديد","ينقطع بعد الدفع: السلة لا تُنشئ طلباً في /my (لا تتبّع ولا مستندات ولا تسليم؛ تأكيد بريدي + سجل CRM فقط) ؛ مسار عرض السعر: يكتمل حتى الدفع والفاتورة في /my","requiresProposal=true لكن الصفحة تتيح الشراء المباشر بالسلة (تتجاوز النطاق والمستندات)","/ar/services/bp-subl-01","سعر+عرض (سلة+مشخّص)","قديم","B1","ar/en/fr/zh","لا"
"BP-ZATCA-01","التسجيل في الزكاة والضريبة (VAT & Zakat)","العلاقات الحكومية","ب — سعر + عرض سعر","إضافة للسلة (JS: bp_cart) ← /ar/cart ← /ar/checkout ← مُيسّر/تمارا","/ar/#advisor (محادثة المستشار الذكي ثم /my)","جديد (SV1)","الأساسي: السلة: جديد · الدفع: جديد | الثانوي: جديد","ينقطع بعد الدفع: السلة لا تُنشئ طلباً في /my (لا تتبّع ولا مستندات ولا تسليم؛ تأكيد بريدي + سجل CRM فقط) ؛ مسار عرض السعر: يكتمل حتى الدفع والفاتورة في /my","requiresProposal=true لكن الصفحة تتيح الشراء المباشر بالسلة (تتجاوز النطاق والمستندات)","/ar/services/bp-zatca-01","سعر+عرض (سلة+مشخّص)","قديم","B1","ar/en/fr/zh","لا"
"BP-ZATCA-02","استخراج رقم ضريبي (VAT)","العلاقات الحكومية","ب — سعر + عرض سعر","إضافة للسلة (JS: bp_cart) ← /ar/cart ← /ar/checkout ← مُيسّر/تمارا","/ar/#advisor (محادثة المستشار الذكي ثم /my)","جديد (SV1)","الأساسي: السلة: جديد · الدفع: جديد | الثانوي: جديد","ينقطع بعد الدفع: السلة لا تُنشئ طلباً في /my (لا تتبّع ولا مستندات ولا تسليم؛ تأكيد بريدي + سجل CRM فقط) ؛ مسار عرض السعر: يكتمل حتى الدفع والفاتورة في /my","requiresProposal=true لكن الصفحة تتيح الشراء المباشر بالسلة (تتجاوز النطاق والمستندات)","/ar/services/bp-zatca-02","سعر+عرض (سلة+مشخّص)","قديم","B1","ar/en/fr/zh","لا"
"BP-ZATCA-03","تقديم إقرار الزكاة السنوي","العلاقات الحكومية","ب — سعر + عرض سعر","إضافة للسلة (JS: bp_cart) ← /ar/cart ← /ar/checkout ← مُيسّر/تمارا","/ar/#advisor (محادثة المستشار الذكي ثم /my)","جديد (SV1)","الأساسي: السلة: جديد · الدفع: جديد | الثانوي: جديد","ينقطع بعد الدفع: السلة لا تُنشئ طلباً في /my (لا تتبّع ولا مستندات ولا تسليم؛ تأكيد بريدي + سجل CRM فقط) ؛ مسار عرض السعر: يكتمل حتى الدفع والفاتورة في /my","requiresProposal=true لكن الصفحة تتيح الشراء المباشر بالسلة (تتجاوز النطاق والمستندات)","/ar/services/bp-zatca-03","سعر+عرض (سلة+مشخّص)","قديم","B1","ar/en/fr/zh","لا"
"BP-ZATCA-04","التسجيل في ضريبة القيمة المضافة (زاتكا)","العلاقات الحكومية","ب — سعر + عرض سعر","إضافة للسلة (JS: bp_cart) ← /ar/cart ← /ar/checkout ← مُيسّر/تمارا","/ar/#advisor (محادثة المستشار الذكي ثم /my)","جديد (SV1)","الأساسي: السلة: جديد · الدفع: جديد | الثانوي: جديد","ينقطع بعد الدفع: السلة لا تُنشئ طلباً في /my (لا تتبّع ولا مستندات ولا تسليم؛ تأكيد بريدي + سجل CRM فقط) ؛ مسار عرض السعر: يكتمل حتى الدفع والفاتورة في /my","requiresProposal=true لكن الصفحة تتيح الشراء المباشر بالسلة (تتجاوز النطاق والمستندات)","/ar/services/bp-zatca-04","سعر+عرض (سلة+مشخّص)","قديم","B1","ar/en/fr/zh","لا"
"BP-ZATCA-05","تقديم إقرار ضريبة قيمة مضافة","العلاقات الحكومية","ب — سعر + عرض سعر","إضافة للسلة (JS: bp_cart) ← /ar/cart ← /ar/checkout ← مُيسّر/تمارا","/ar/#advisor (محادثة المستشار الذكي ثم /my)","جديد (SV1)","الأساسي: السلة: جديد · الدفع: جديد | الثانوي: جديد","ينقطع بعد الدفع: السلة لا تُنشئ طلباً في /my (لا تتبّع ولا مستندات ولا تسليم؛ تأكيد بريدي + سجل CRM فقط) ؛ مسار عرض السعر: يكتمل حتى الدفع والفاتورة في /my","requiresProposal=true لكن الصفحة تتيح الشراء المباشر بالسلة (تتجاوز النطاق والمستندات)","/ar/services/bp-zatca-05","سعر+عرض (سلة+مشخّص)","قديم","B1","ar/en/fr/zh","لا"
"BP-HR-01","إصدار شهادة صحية للموظفين","الموارد البشرية","ب — سعر + عرض سعر","إضافة للسلة (JS: bp_cart) ← /ar/cart ← /ar/checkout ← مُيسّر/تمارا","/ar/#advisor (محادثة المستشار الذكي ثم /my)","جديد (SV1)","الأساسي: السلة: جديد · الدفع: جديد | الثانوي: جديد","ينقطع بعد الدفع: السلة لا تُنشئ طلباً في /my (لا تتبّع ولا مستندات ولا تسليم؛ تأكيد بريدي + سجل CRM فقط) ؛ مسار عرض السعر: يكتمل حتى الدفع والفاتورة في /my","المستندات عامة (٣ بنود عامة) ؛ requiresProposal=true لكن الصفحة تتيح الشراء المباشر بالسلة (تتجاوز النطاق والمستندات)","/ar/services/bp-hr-01","سعر+عرض (سلة+مشخّص)","قديم","B1","ar/en/fr/zh","لا"
"BP-HR-02","فتح ملف منشأة في وزارة الموارد البشرية","الموارد البشرية","ب — سعر + عرض سعر","إضافة للسلة (JS: bp_cart) ← /ar/cart ← /ar/checkout ← مُيسّر/تمارا","/ar/#advisor (محادثة المستشار الذكي ثم /my)","جديد (SV1)","الأساسي: السلة: جديد · الدفع: جديد | الثانوي: جديد","ينقطع بعد الدفع: السلة لا تُنشئ طلباً في /my (لا تتبّع ولا مستندات ولا تسليم؛ تأكيد بريدي + سجل CRM فقط) ؛ مسار عرض السعر: يكتمل حتى الدفع والفاتورة في /my","المستندات عامة (٣ بنود عامة) ؛ requiresProposal=true لكن الصفحة تتيح الشراء المباشر بالسلة (تتجاوز النطاق والمستندات)","/ar/services/bp-hr-02","سعر+عرض (سلة+مشخّص)","قديم","B1","ar/en/fr/zh","لا"
"BP-HR-03","خدمات الموارد البشرية وإدارة الموظفين","الموارد البشرية","ب — سعر + عرض سعر","إضافة للسلة (JS: bp_cart) ← /ar/cart ← /ar/checkout ← مُيسّر/تمارا","/ar/#advisor (محادثة المستشار الذكي ثم /my)","جديد (SV1)","الأساسي: السلة: جديد · الدفع: جديد | الثانوي: جديد","ينقطع بعد الدفع: السلة لا تُنشئ طلباً في /my (لا تتبّع ولا مستندات ولا تسليم؛ تأكيد بريدي + سجل CRM فقط) ؛ مسار عرض السعر: يكتمل حتى الدفع والفاتورة في /my","requiresProposal=true لكن الصفحة تتيح الشراء المباشر بالسلة (تتجاوز النطاق والمستندات) ؛ اشتراك شهري لكن عنصر السلة يُنشأ بلا billingPeriod/renewsAt","/ar/services/bp-hr-03","سعر+عرض (سلة+مشخّص)","قديم","B1","ar/en/fr/zh","لا"
"BP-MUDAD-02","رفع ملف حماية الأجور (نظام مُدد)","الموارد البشرية","ب — سعر + عرض سعر","إضافة للسلة (JS: bp_cart) ← /ar/cart ← /ar/checkout ← مُيسّر/تمارا","/ar/#advisor (محادثة المستشار الذكي ثم /my)","جديد (SV1)","الأساسي: السلة: جديد · الدفع: جديد | الثانوي: جديد","ينقطع بعد الدفع: السلة لا تُنشئ طلباً في /my (لا تتبّع ولا مستندات ولا تسليم؛ تأكيد بريدي + سجل CRM فقط) ؛ مسار عرض السعر: يكتمل حتى الدفع والفاتورة في /my","requiresProposal=true لكن الصفحة تتيح الشراء المباشر بالسلة (تتجاوز النطاق والمستندات)","/ar/services/bp-mudad-02","سعر+عرض (سلة+مشخّص)","قديم","B1","ar/en/fr/zh","لا"
"BP-MUDAD-03","معالجة ملاحظات نظام حماية الأجور","الموارد البشرية","ب — سعر + عرض سعر","إضافة للسلة (JS: bp_cart) ← /ar/cart ← /ar/checkout ← مُيسّر/تمارا","/ar/#advisor (محادثة المستشار الذكي ثم /my)","جديد (SV1)","الأساسي: السلة: جديد · الدفع: جديد | الثانوي: جديد","ينقطع بعد الدفع: السلة لا تُنشئ طلباً في /my (لا تتبّع ولا مستندات ولا تسليم؛ تأكيد بريدي + سجل CRM فقط) ؛ مسار عرض السعر: يكتمل حتى الدفع والفاتورة في /my","requiresProposal=true لكن الصفحة تتيح الشراء المباشر بالسلة (تتجاوز النطاق والمستندات)","/ar/services/bp-mudad-03","سعر+عرض (سلة+مشخّص)","قديم","B1","ar/en/fr/zh","لا"
"BP-MUQEEM-02","إصدار إقامة جديدة (لموظف أجنبي)","الموارد البشرية","ب — سعر + عرض سعر","إضافة للسلة (JS: bp_cart) ← /ar/cart ← /ar/checkout ← مُيسّر/تمارا","/ar/#advisor (محادثة المستشار الذكي ثم /my)","جديد (SV1)","الأساسي: السلة: جديد · الدفع: جديد | الثانوي: جديد","ينقطع بعد الدفع: السلة لا تُنشئ طلباً في /my (لا تتبّع ولا مستندات ولا تسليم؛ تأكيد بريدي + سجل CRM فقط) ؛ مسار عرض السعر: يكتمل حتى الدفع والفاتورة في /my","requiresProposal=true لكن الصفحة تتيح الشراء المباشر بالسلة (تتجاوز النطاق والمستندات)","/ar/services/bp-muqeem-02","سعر+عرض (سلة+مشخّص)","قديم","B1","ar/en/fr/zh","لا"
"BP-MUQEEM-03","تجديد إقامة (هوية مقيم)","الموارد البشرية","ب — سعر + عرض سعر","إضافة للسلة (JS: bp_cart) ← /ar/cart ← /ar/checkout ← مُيسّر/تمارا","/ar/#advisor (محادثة المستشار الذكي ثم /my)","جديد (SV1)","الأساسي: السلة: جديد · الدفع: جديد | الثانوي: جديد","ينقطع بعد الدفع: السلة لا تُنشئ طلباً في /my (لا تتبّع ولا مستندات ولا تسليم؛ تأكيد بريدي + سجل CRM فقط) ؛ مسار عرض السعر: يكتمل حتى الدفع والفاتورة في /my","requiresProposal=true لكن الصفحة تتيح الشراء المباشر بالسلة (تتجاوز النطاق والمستندات)","/ar/services/bp-muqeem-03","سعر+عرض (سلة+مشخّص)","قديم","B1","ar/en/fr/zh","لا"
"BP-MUQEEM-04","إصدار تأشيرة زيارة عائلية","الموارد البشرية","ب — سعر + عرض سعر","إضافة للسلة (JS: bp_cart) ← /ar/cart ← /ar/checkout ← مُيسّر/تمارا","/ar/#advisor (محادثة المستشار الذكي ثم /my)","جديد (SV1)","الأساسي: السلة: جديد · الدفع: جديد | الثانوي: جديد","ينقطع بعد الدفع: السلة لا تُنشئ طلباً في /my (لا تتبّع ولا مستندات ولا تسليم؛ تأكيد بريدي + سجل CRM فقط) ؛ مسار عرض السعر: يكتمل حتى الدفع والفاتورة في /my","requiresProposal=true لكن الصفحة تتيح الشراء المباشر بالسلة (تتجاوز النطاق والمستندات)","/ar/services/bp-muqeem-04","سعر+عرض (سلة+مشخّص)","قديم","B1","ar/en/fr/zh","لا"
"BP-REC-01","خدمات الاستقدام واستخراج تأشيرات العمل","التوظيف والاستقدام","هـ — خاص (توظيف)","إضافة للسلة (JS: bp_cart) ← /ar/cart ← /ar/checkout ← مُيسّر/تمارا","/ar/#advisor (محادثة المستشار الذكي ثم /my)","جديد (SV1)","الأساسي: السلة: جديد · الدفع: جديد | الثانوي: جديد","ينقطع بعد الدفع: السلة لا تُنشئ طلباً في /my (لا تتبّع ولا مستندات ولا تسليم؛ تأكيد بريدي + سجل CRM فقط) ؛ مسار عرض السعر: يكتمل حتى الدفع والفاتورة في /my","requiresProposal=true لكن الصفحة تتيح الشراء المباشر بالسلة (تتجاوز النطاق والمستندات)","/ar/services/bp-rec-01","سعر+عرض (سلة+مشخّص)","قديم","B1","ar/en/fr/zh","لا"
"BP-REC-02","إصدار تأشيرة عمل (تأشيرة استقدام)","التوظيف والاستقدام","هـ — خاص (توظيف)","إضافة للسلة (JS: bp_cart) ← /ar/cart ← /ar/checkout ← مُيسّر/تمارا","/ar/#advisor (محادثة المستشار الذكي ثم /my)","جديد (SV1)","الأساسي: السلة: جديد · الدفع: جديد | الثانوي: جديد","ينقطع بعد الدفع: السلة لا تُنشئ طلباً في /my (لا تتبّع ولا مستندات ولا تسليم؛ تأكيد بريدي + سجل CRM فقط) ؛ مسار عرض السعر: يكتمل حتى الدفع والفاتورة في /my","requiresProposal=true لكن الصفحة تتيح الشراء المباشر بالسلة (تتجاوز النطاق والمستندات)","/ar/services/bp-rec-02","سعر+عرض (سلة+مشخّص)","قديم","B1","ar/en/fr/zh","لا"
"BP-REC-03","موظفون على بند التعاقد (EOR)","التوظيف والاستقدام","هـ — خاص (توظيف)","/ar/#advisor (محادثة المستشار الذكي ثم /my)","/ar/consultation?about=موظفون على بند التعاقد (EOR)","جديد (SV1)","الأساسي: جديد | الثانوي: جديد","زر «احجز استشارة» يمرّر ?about= والصفحة لا تقرؤه (تقرأ ?topic=rec-gen فقط): تضيع هوية الخدمة ؛ مسار عرض السعر: يكتمل حتى الدفع والفاتورة في /my","المستندات عامة (٣ بنود عامة) ؛ بلا قسم «ما نتولّاه» ؛ توجد صفحة منتج موازية /ar/eor (جديد) لا تربطها صفحة الخدمة","/ar/services/bp-rec-03","بلا سعر (مشخّص+استشارة)","قديم","B3","ar/en/fr/zh","لا"
"BP-REC-04","الاستقطاب التنفيذي","التوظيف والاستقدام","هـ — خاص (توظيف)","/ar/#advisor (محادثة المستشار الذكي ثم /my)","/ar/consultation?about=الاستقطاب التنفيذي","جديد (SV1)","الأساسي: جديد | الثانوي: جديد","زر «احجز استشارة» يمرّر ?about= والصفحة لا تقرؤه (تقرأ ?topic=rec-gen فقط): تضيع هوية الخدمة ؛ مسار عرض السعر: يكتمل حتى الدفع والفاتورة في /my","المستندات عامة (٣ بنود عامة) ؛ بلا قسم «ما نتولّاه»","/ar/services/bp-rec-04","بلا سعر (مشخّص+استشارة)","قديم","B3","ar/en/fr/zh","لا"
"BP-REC-05","التوظيف المحلي","التوظيف والاستقدام","هـ — خاص (توظيف)","/ar/#advisor (محادثة المستشار الذكي ثم /my)","/ar/consultation?about=التوظيف المحلي","جديد (SV1)","الأساسي: جديد | الثانوي: جديد","زر «احجز استشارة» يمرّر ?about= والصفحة لا تقرؤه (تقرأ ?topic=rec-gen فقط): تضيع هوية الخدمة ؛ مسار عرض السعر: يكتمل حتى الدفع والفاتورة في /my","المستندات عامة (٣ بنود عامة)","/ar/services/bp-rec-05","بلا سعر (مشخّص+استشارة)","قديم","B3","ar/en/fr/zh","لا"
"BP-REC-06","التوظيف الجماعي","التوظيف والاستقدام","هـ — خاص (توظيف)","إضافة للسلة (JS: bp_cart) ← /ar/cart ← /ar/checkout ← مُيسّر/تمارا","/ar/#advisor (محادثة المستشار الذكي ثم /my)","جديد (SV1)","الأساسي: السلة: جديد · الدفع: جديد | الثانوي: جديد","ينقطع بعد الدفع: السلة لا تُنشئ طلباً في /my (لا تتبّع ولا مستندات ولا تسليم؛ تأكيد بريدي + سجل CRM فقط) ؛ مسار عرض السعر: يكتمل حتى الدفع والفاتورة في /my","المستندات عامة (٣ بنود عامة) ؛ بلا قسم «ما نتولّاه» ؛ requiresProposal=true لكن الصفحة تتيح الشراء المباشر بالسلة (تتجاوز النطاق والمستندات)","/ar/services/bp-rec-06","سعر+عرض (سلة+مشخّص)","قديم","B1","ar/en/fr/zh","لا"
"BP-BS-01","خدمات التسويق الرقمي والإعلان","دعم الأعمال","ب — سعر + عرض سعر","إضافة للسلة (JS: bp_cart) ← /ar/cart ← /ar/checkout ← مُيسّر/تمارا","/ar/#advisor (محادثة المستشار الذكي ثم /my)","جديد (SV1)","الأساسي: السلة: جديد · الدفع: جديد | الثانوي: جديد","ينقطع بعد الدفع: السلة لا تُنشئ طلباً في /my (لا تتبّع ولا مستندات ولا تسليم؛ تأكيد بريدي + سجل CRM فقط) ؛ مسار عرض السعر: يكتمل حتى الدفع والفاتورة في /my","المستندات عامة (٣ بنود عامة) ؛ requiresProposal=true لكن الصفحة تتيح الشراء المباشر بالسلة (تتجاوز النطاق والمستندات)","/ar/services/bp-bs-01","سعر+عرض (سلة+مشخّص)","قديم","B1","ar/en/fr/zh","لا"
"BP-PL-0019","الامتثال والقيد بنظام الامتياز التجاري (فرنشايز)","دعم الأعمال","ب — سعر + عرض سعر","إضافة للسلة (JS: bp_cart) ← /ar/cart ← /ar/checkout ← مُيسّر/تمارا","/ar/#advisor (محادثة المستشار الذكي ثم /my)","جديد (SV1)","الأساسي: السلة: جديد · الدفع: جديد | الثانوي: جديد","ينقطع بعد الدفع: السلة لا تُنشئ طلباً في /my (لا تتبّع ولا مستندات ولا تسليم؛ تأكيد بريدي + سجل CRM فقط) ؛ مسار عرض السعر: يكتمل حتى الدفع والفاتورة في /my","requiresProposal=true لكن الصفحة تتيح الشراء المباشر بالسلة (تتجاوز النطاق والمستندات)","/ar/services/bp-pl-0019","سعر+عرض (سلة+مشخّص)","قديم","B1","ar/en/fr/zh","لا"
"BP-PL-0035","إدارة حساب مقيم (إضافة وتحديث البيانات)","دعم الأعمال","ب — سعر + عرض سعر","إضافة للسلة (JS: bp_cart) ← /ar/cart ← /ar/checkout ← مُيسّر/تمارا","/ar/#advisor (محادثة المستشار الذكي ثم /my)","جديد (SV1)","الأساسي: السلة: جديد · الدفع: جديد | الثانوي: جديد","ينقطع بعد الدفع: السلة لا تُنشئ طلباً في /my (لا تتبّع ولا مستندات ولا تسليم؛ تأكيد بريدي + سجل CRM فقط) ؛ مسار عرض السعر: يكتمل حتى الدفع والفاتورة في /my","المستندات عامة (٣ بنود عامة) ؛ requiresProposal=true لكن الصفحة تتيح الشراء المباشر بالسلة (تتجاوز النطاق والمستندات)","/ar/services/bp-pl-0035","سعر+عرض (سلة+مشخّص)","قديم","B1","ar/en/fr/zh","لا"
"BP-PL-0050","خدمة كبار الشخصيات (إنهاء المعاملات VIP)","دعم الأعمال","ب — سعر + عرض سعر","إضافة للسلة (JS: bp_cart) ← /ar/cart ← /ar/checkout ← مُيسّر/تمارا","/ar/#advisor (محادثة المستشار الذكي ثم /my)","جديد (SV1)","الأساسي: السلة: جديد · الدفع: جديد | الثانوي: جديد","ينقطع بعد الدفع: السلة لا تُنشئ طلباً في /my (لا تتبّع ولا مستندات ولا تسليم؛ تأكيد بريدي + سجل CRM فقط) ؛ مسار عرض السعر: يكتمل حتى الدفع والفاتورة في /my","المستندات عامة (٣ بنود عامة) ؛ requiresProposal=true لكن الصفحة تتيح الشراء المباشر بالسلة (تتجاوز النطاق والمستندات)","/ar/services/bp-pl-0050","سعر+عرض (سلة+مشخّص)","قديم","B1","ar/en/fr/zh","لا"
"BP-PL-0051","فتح حساب بنكي تجاري للشركة","دعم الأعمال","هـ — خاص (حساب بنكي)","إضافة للسلة (JS: bp_cart) ← /ar/cart ← /ar/checkout ← مُيسّر/تمارا","/ar/#advisor (محادثة المستشار الذكي ثم /my)","جديد (SV1)","الأساسي: السلة: جديد · الدفع: جديد | الثانوي: جديد","ينقطع بعد الدفع: السلة لا تُنشئ طلباً في /my (لا تتبّع ولا مستندات ولا تسليم؛ تأكيد بريدي + سجل CRM فقط) ؛ مسار عرض السعر: يكتمل حتى الدفع والفاتورة في /my","المستندات عامة (٣ بنود عامة) ؛ توجد صفحة منتج موازية /ar/bank-account (قديم) لا تربطها صفحة الخدمة ؛ requiresProposal=true لكن الصفحة تتيح الشراء المباشر بالسلة (تتجاوز النطاق والمستندات)","/ar/services/bp-pl-0051","سعر+عرض (سلة+مشخّص)","قديم","B1","ar/en/fr/zh","لا"
"BP-PL-0052","إعداد لوائح الشركة الداخلية (حوكمة)","دعم الأعمال","ب — سعر + عرض سعر","إضافة للسلة (JS: bp_cart) ← /ar/cart ← /ar/checkout ← مُيسّر/تمارا","/ar/#advisor (محادثة المستشار الذكي ثم /my)","جديد (SV1)","الأساسي: السلة: جديد · الدفع: جديد | الثانوي: جديد","ينقطع بعد الدفع: السلة لا تُنشئ طلباً في /my (لا تتبّع ولا مستندات ولا تسليم؛ تأكيد بريدي + سجل CRM فقط) ؛ مسار عرض السعر: يكتمل حتى الدفع والفاتورة في /my","المستندات عامة (٣ بنود عامة) ؛ requiresProposal=true لكن الصفحة تتيح الشراء المباشر بالسلة (تتجاوز النطاق والمستندات)","/ar/services/bp-pl-0052","سعر+عرض (سلة+مشخّص)","قديم","B1","ar/en/fr/zh","لا"
"BP-PL-0053","هيكلة وتنظيم الشركة (إعادة هيكلة)","دعم الأعمال","ب — سعر + عرض سعر","إضافة للسلة (JS: bp_cart) ← /ar/cart ← /ar/checkout ← مُيسّر/تمارا","/ar/#advisor (محادثة المستشار الذكي ثم /my)","جديد (SV1)","الأساسي: السلة: جديد · الدفع: جديد | الثانوي: جديد","ينقطع بعد الدفع: السلة لا تُنشئ طلباً في /my (لا تتبّع ولا مستندات ولا تسليم؛ تأكيد بريدي + سجل CRM فقط) ؛ مسار عرض السعر: يكتمل حتى الدفع والفاتورة في /my","المستندات عامة (٣ بنود عامة) ؛ requiresProposal=true لكن الصفحة تتيح الشراء المباشر بالسلة (تتجاوز النطاق والمستندات)","/ar/services/bp-pl-0053","سعر+عرض (سلة+مشخّص)","قديم","B1","ar/en/fr/zh","لا"
"BP-PL-0054","التمثيل القانوني للشركات (محاماة)","دعم الأعمال","ب — سعر + عرض سعر","إضافة للسلة (JS: bp_cart) ← /ar/cart ← /ar/checkout ← مُيسّر/تمارا","/ar/#advisor (محادثة المستشار الذكي ثم /my)","جديد (SV1)","الأساسي: السلة: جديد · الدفع: جديد | الثانوي: جديد","ينقطع بعد الدفع: السلة لا تُنشئ طلباً في /my (لا تتبّع ولا مستندات ولا تسليم؛ تأكيد بريدي + سجل CRM فقط) ؛ مسار عرض السعر: يكتمل حتى الدفع والفاتورة في /my","المستندات عامة (٣ بنود عامة) ؛ requiresProposal=true لكن الصفحة تتيح الشراء المباشر بالسلة (تتجاوز النطاق والمستندات)","/ar/services/bp-pl-0054","سعر+عرض (سلة+مشخّص)","قديم","B1","ar/en/fr/zh","لا"
"BP-PL-0055","استشارات قانونية لنظام الشركات","دعم الأعمال","ب — سعر + عرض سعر","إضافة للسلة (JS: bp_cart) ← /ar/cart ← /ar/checkout ← مُيسّر/تمارا","/ar/#advisor (محادثة المستشار الذكي ثم /my)","جديد (SV1)","الأساسي: السلة: جديد · الدفع: جديد | الثانوي: جديد","ينقطع بعد الدفع: السلة لا تُنشئ طلباً في /my (لا تتبّع ولا مستندات ولا تسليم؛ تأكيد بريدي + سجل CRM فقط) ؛ مسار عرض السعر: يكتمل حتى الدفع والفاتورة في /my","المستندات عامة (٣ بنود عامة) ؛ requiresProposal=true لكن الصفحة تتيح الشراء المباشر بالسلة (تتجاوز النطاق والمستندات)","/ar/services/bp-pl-0055","سعر+عرض (سلة+مشخّص)","قديم","B1","ar/en/fr/zh","لا"
"BP-PL-0056","استشارات أعمال واستثمار عامة","دعم الأعمال","ب — سعر + عرض سعر","إضافة للسلة (JS: bp_cart) ← /ar/cart ← /ar/checkout ← مُيسّر/تمارا","/ar/#advisor (محادثة المستشار الذكي ثم /my)","جديد (SV1)","الأساسي: السلة: جديد · الدفع: جديد | الثانوي: جديد","ينقطع بعد الدفع: السلة لا تُنشئ طلباً في /my (لا تتبّع ولا مستندات ولا تسليم؛ تأكيد بريدي + سجل CRM فقط) ؛ مسار عرض السعر: يكتمل حتى الدفع والفاتورة في /my","المستندات عامة (٣ بنود عامة) ؛ requiresProposal=true لكن الصفحة تتيح الشراء المباشر بالسلة (تتجاوز النطاق والمستندات)","/ar/services/bp-pl-0056","سعر+عرض (سلة+مشخّص)","قديم","B1","ar/en/fr/zh","لا"
"BP-PL-0057","إعداد دراسة جدوى اقتصادية","دعم الأعمال","ب — سعر + عرض سعر","إضافة للسلة (JS: bp_cart) ← /ar/cart ← /ar/checkout ← مُيسّر/تمارا","/ar/#advisor (محادثة المستشار الذكي ثم /my)","جديد (SV1)","الأساسي: السلة: جديد · الدفع: جديد | الثانوي: جديد","ينقطع بعد الدفع: السلة لا تُنشئ طلباً في /my (لا تتبّع ولا مستندات ولا تسليم؛ تأكيد بريدي + سجل CRM فقط) ؛ مسار عرض السعر: يكتمل حتى الدفع والفاتورة في /my","requiresProposal=true لكن الصفحة تتيح الشراء المباشر بالسلة (تتجاوز النطاق والمستندات)","/ar/services/bp-pl-0057","سعر+عرض (سلة+مشخّص)","قديم","B1","ar/en/fr/zh","لا"
"BP-PL-0058","إعداد خطة عمل وتطوير استراتيجيات","دعم الأعمال","ب — سعر + عرض سعر","إضافة للسلة (JS: bp_cart) ← /ar/cart ← /ar/checkout ← مُيسّر/تمارا","/ar/#advisor (محادثة المستشار الذكي ثم /my)","جديد (SV1)","الأساسي: السلة: جديد · الدفع: جديد | الثانوي: جديد","ينقطع بعد الدفع: السلة لا تُنشئ طلباً في /my (لا تتبّع ولا مستندات ولا تسليم؛ تأكيد بريدي + سجل CRM فقط) ؛ مسار عرض السعر: يكتمل حتى الدفع والفاتورة في /my","المستندات عامة (٣ بنود عامة) ؛ requiresProposal=true لكن الصفحة تتيح الشراء المباشر بالسلة (تتجاوز النطاق والمستندات)","/ar/services/bp-pl-0058","سعر+عرض (سلة+مشخّص)","قديم","B1","ar/en/fr/zh","لا"
"BP-PL-0059","خدمة المستشار المالي (محاسبة ودفاتر)","دعم الأعمال","ب — سعر + عرض سعر","إضافة للسلة (JS: bp_cart) ← /ar/cart ← /ar/checkout ← مُيسّر/تمارا","/ar/#advisor (محادثة المستشار الذكي ثم /my)","جديد (SV1)","الأساسي: السلة: جديد · الدفع: جديد | الثانوي: جديد","ينقطع بعد الدفع: السلة لا تُنشئ طلباً في /my (لا تتبّع ولا مستندات ولا تسليم؛ تأكيد بريدي + سجل CRM فقط) ؛ مسار عرض السعر: يكتمل حتى الدفع والفاتورة في /my","المستندات عامة (٣ بنود عامة) ؛ requiresProposal=true لكن الصفحة تتيح الشراء المباشر بالسلة (تتجاوز النطاق والمستندات)","/ar/services/bp-pl-0059","سعر+عرض (سلة+مشخّص)","قديم","B1","ar/en/fr/zh","لا"
"BP-PL-0060","مراجعة حسابات وضريبة (تدقيق مالي)","دعم الأعمال","ب — سعر + عرض سعر","إضافة للسلة (JS: bp_cart) ← /ar/cart ← /ar/checkout ← مُيسّر/تمارا","/ar/#advisor (محادثة المستشار الذكي ثم /my)","جديد (SV1)","الأساسي: السلة: جديد · الدفع: جديد | الثانوي: جديد","ينقطع بعد الدفع: السلة لا تُنشئ طلباً في /my (لا تتبّع ولا مستندات ولا تسليم؛ تأكيد بريدي + سجل CRM فقط) ؛ مسار عرض السعر: يكتمل حتى الدفع والفاتورة في /my","المستندات عامة (٣ بنود عامة) ؛ requiresProposal=true لكن الصفحة تتيح الشراء المباشر بالسلة (تتجاوز النطاق والمستندات)","/ar/services/bp-pl-0060","سعر+عرض (سلة+مشخّص)","قديم","B1","ar/en/fr/zh","لا"
"BP-PL-0063","خدمة العلاقات العامة والاتصال المؤسسي","دعم الأعمال","ب — سعر + عرض سعر","إضافة للسلة (JS: bp_cart) ← /ar/cart ← /ar/checkout ← مُيسّر/تمارا","/ar/#advisor (محادثة المستشار الذكي ثم /my)","جديد (SV1)","الأساسي: السلة: جديد · الدفع: جديد | الثانوي: جديد","ينقطع بعد الدفع: السلة لا تُنشئ طلباً في /my (لا تتبّع ولا مستندات ولا تسليم؛ تأكيد بريدي + سجل CRM فقط) ؛ مسار عرض السعر: يكتمل حتى الدفع والفاتورة في /my","المستندات عامة (٣ بنود عامة) ؛ requiresProposal=true لكن الصفحة تتيح الشراء المباشر بالسلة (تتجاوز النطاق والمستندات)","/ar/services/bp-pl-0063","سعر+عرض (سلة+مشخّص)","قديم","B1","ar/en/fr/zh","لا"
"BP-RE-01","مكتب خاص (لعدد محدد من الأشخاص)","العقارات","هـ — خاص (عقار)","/ar/workspace-request","","جديد (SV1)","الأساسي: قديم","نموذج طلب مساحة عمل قديم (main.js): لا يُنشئ طلباً في /my، ونتيجته زر واتساب لا تتبّع","المستندات عامة (٣ بنود عامة) ؛ توجد صفحة منتج موازية /ar/workspaces (قديم) لا تربطها صفحة الخدمة ؛ السعر يبدأ من 3,000 ﷼ في catalog.json لكن الصفحة تعرض «حسب حالتك»","/ar/services/bp-re-01","نموذج مساحة عمل","قديم","B2","ar/en/fr/zh","لا"
"BP-RE-02","مساحة عمل مشتركة (Coworking)","العقارات","هـ — خاص (عقار)","/ar/workspace-request","","جديد (SV1)","الأساسي: قديم","نموذج طلب مساحة عمل قديم (main.js): لا يُنشئ طلباً في /my، ونتيجته زر واتساب لا تتبّع","المستندات عامة (٣ بنود عامة) ؛ توجد صفحة منتج موازية /ar/workspaces (قديم) لا تربطها صفحة الخدمة ؛ السعر يبدأ من 800 ﷼ في catalog.json لكن الصفحة تعرض «حسب حالتك»","/ar/services/bp-re-02","نموذج مساحة عمل","قديم","B2","ar/en/fr/zh","لا"
"BP-RE-03","مكتب افتراضي مع عنوان وطني","العقارات","هـ — خاص (عقار)","/ar/workspace-request","","جديد (SV1)","الأساسي: قديم","نموذج طلب مساحة عمل قديم (main.js): لا يُنشئ طلباً في /my، ونتيجته زر واتساب لا تتبّع","توجد صفحة منتج موازية /ar/workspaces (قديم) لا تربطها صفحة الخدمة ؛ السعر يبدأ من 3,000 ﷼ في catalog.json لكن الصفحة تعرض «حسب حالتك»","/ar/services/bp-re-03","نموذج مساحة عمل","قديم","B2","ar/en/fr/zh","لا"
"BP-RE-04","مكتب ثابت في مساحة مشتركة (Dedicated Desk)","العقارات","هـ — خاص (عقار)","/ar/workspace-request","","جديد (SV1)","الأساسي: قديم","نموذج طلب مساحة عمل قديم (main.js): لا يُنشئ طلباً في /my، ونتيجته زر واتساب لا تتبّع","المستندات عامة (٣ بنود عامة) ؛ توجد صفحة منتج موازية /ar/workspaces (قديم) لا تربطها صفحة الخدمة ؛ السعر يبدأ من 1,500 ﷼ في catalog.json لكن الصفحة تعرض «حسب حالتك»","/ar/services/bp-re-04","نموذج مساحة عمل","قديم","B2","ar/en/fr/zh","لا"
"BP-RE-05","خدمة البحث عن مكتب","العقارات","هـ — خاص (عقار)","/ar/workspace-request","","جديد (SV1)","الأساسي: قديم","نموذج طلب مساحة عمل قديم (main.js): لا يُنشئ طلباً في /my، ونتيجته زر واتساب لا تتبّع","المستندات عامة (٣ بنود عامة) ؛ توجد صفحة منتج موازية /ar/workspaces (قديم) لا تربطها صفحة الخدمة ؛ السعر 5,000 ﷼ في catalog.json لكن الصفحة تعرض «حسب حالتك»","/ar/services/bp-re-05","نموذج مساحة عمل","قديم","B2","ar/en/fr/zh","لا"
"BP-RE-06","تملّك العقار للأجانب","العقارات","هـ — خاص (عقار)","/ar/#advisor (محادثة المستشار الذكي ثم /my)","/ar/consultation?about=تملّك العقار للأجانب","جديد (SV1)","الأساسي: جديد | الثانوي: جديد","زر «احجز استشارة» يمرّر ?about= والصفحة لا تقرؤه (تقرأ ?topic=rec-gen فقط): تضيع هوية الخدمة ؛ مسار عرض السعر: يكتمل حتى الدفع والفاتورة في /my","","/ar/services/bp-re-06","بلا سعر (مشخّص+استشارة)","قديم","B3","ar/en/fr/zh","لا"
"BP-HOUSING-01","تسكين العمالة — سكن جماعي مرخّص","الموارد البشرية","هـ — خاص (تسكين)","/ar/#advisor (محادثة المستشار الذكي ثم /my)","/ar/consultation?about=تسكين العمالة — سكن جماعي مرخّص","جديد (SV1)","الأساسي: جديد | الثانوي: جديد","زر «احجز استشارة» يمرّر ?about= والصفحة لا تقرؤه (تقرأ ?topic=rec-gen فقط): تضيع هوية الخدمة ؛ مسار عرض السعر: يكتمل حتى الدفع والفاتورة في /my","توجد صفحة منتج موازية /ar/worker-housing (قديم) لا تربطها صفحة الخدمة","/ar/services/bp-housing-01","بلا سعر (مشخّص+استشارة)","قديم","B3","ar/en/fr/zh","لا"
"BP-HOUSING-02","نقل العمالة — من السكن إلى مواقع العمل","الموارد البشرية","هـ — خاص (تسكين)","/ar/#advisor (محادثة المستشار الذكي ثم /my)","/ar/consultation?about=نقل العمالة — من السكن إلى مواقع العمل","جديد (SV1)","الأساسي: جديد | الثانوي: جديد","زر «احجز استشارة» يمرّر ?about= والصفحة لا تقرؤه (تقرأ ?topic=rec-gen فقط): تضيع هوية الخدمة ؛ مسار عرض السعر: يكتمل حتى الدفع والفاتورة في /my","توجد صفحة منتج موازية /ar/worker-housing (قديم) لا تربطها صفحة الخدمة","/ar/services/bp-housing-02","بلا سعر (مشخّص+استشارة)","قديم","B3","ar/en/fr/zh","لا"
"BP-AI-01","منظومة الأعمال بالذكاء الاصطناعي (Enterprise)","الأتمتة والذكاء الاصطناعي","هـ — خاص (وكلاء أذكياء)","إضافة للسلة (JS: bp_cart) ← /ar/cart ← /ar/checkout ← مُيسّر/تمارا","/ar/#advisor (محادثة المستشار الذكي ثم /my)","جديد (SV1)","الأساسي: السلة: جديد · الدفع: جديد | الثانوي: جديد","ينقطع بعد الدفع: السلة لا تُنشئ طلباً في /my (لا تتبّع ولا مستندات ولا تسليم؛ تأكيد بريدي + سجل CRM فقط) ؛ مسار عرض السعر: يكتمل حتى الدفع والفاتورة في /my","المستندات عامة (٣ بنود عامة) ؛ requiresProposal=true لكن الصفحة تتيح الشراء المباشر بالسلة (تتجاوز النطاق والمستندات)","/ar/services/bp-ai-01","سعر+عرض (سلة+مشخّص)","قديم","B1","ar/en/fr/zh","لا"
"BP-AI-02","إعداد المستشار الذكي","الأتمتة والذكاء الاصطناعي","هـ — خاص (وكلاء أذكياء)","إضافة للسلة (JS: bp_cart) ← /ar/cart ← /ar/checkout ← مُيسّر/تمارا","/ar/#advisor (محادثة المستشار الذكي ثم /my)","جديد (SV1)","الأساسي: السلة: جديد · الدفع: جديد | الثانوي: جديد","ينقطع بعد الدفع: السلة لا تُنشئ طلباً في /my (لا تتبّع ولا مستندات ولا تسليم؛ تأكيد بريدي + سجل CRM فقط) ؛ مسار عرض السعر: يكتمل حتى الدفع والفاتورة في /my","المستندات عامة (٣ بنود عامة) ؛ توجد صفحة منتج موازية /ar/ai-agents (قديم) لا تربطها صفحة الخدمة ؛ requiresProposal=true لكن الصفحة تتيح الشراء المباشر بالسلة (تتجاوز النطاق والمستندات) ؛ اشتراك شهري لكن عنصر السلة يُنشأ بلا billingPeriod/renewsAt","/ar/services/bp-ai-02","سعر+عرض (سلة+مشخّص)","قديم","B1","ar/en/fr/zh","لا"
"BP-FI-07","دخول مستثمر أجنبي","الاستثمار الأجنبي","ب — سعر + عرض سعر","إضافة للسلة (JS: bp_cart) ← /ar/cart ← /ar/checkout ← مُيسّر/تمارا","/ar/#advisor (محادثة المستشار الذكي ثم /my)","جديد (SV1)","الأساسي: السلة: جديد · الدفع: جديد | الثانوي: جديد","ينقطع بعد الدفع: السلة لا تُنشئ طلباً في /my (لا تتبّع ولا مستندات ولا تسليم؛ تأكيد بريدي + سجل CRM فقط) ؛ مسار عرض السعر: يكتمل حتى الدفع والفاتورة في /my","requiresProposal=true لكن الصفحة تتيح الشراء المباشر بالسلة (تتجاوز النطاق والمستندات)","/ar/services/bp-fi-07","سعر+عرض (سلة+مشخّص)","قديم","B1","ar/en/fr/zh","لا"
"BP-DIAG-01","تقرير تشخيص","دعم الأعمال","ب — سعر + عرض سعر","إضافة للسلة (JS: bp_cart) ← /ar/cart ← /ar/checkout ← مُيسّر/تمارا","/ar/#advisor (محادثة المستشار الذكي ثم /my)","جديد (SV1)","الأساسي: السلة: جديد · الدفع: جديد | الثانوي: جديد","ينقطع بعد الدفع: السلة لا تُنشئ طلباً في /my (لا تتبّع ولا مستندات ولا تسليم؛ تأكيد بريدي + سجل CRM فقط) ؛ مسار عرض السعر: يكتمل حتى الدفع والفاتورة في /my","requiresProposal=true لكن الصفحة تتيح الشراء المباشر بالسلة (تتجاوز النطاق والمستندات)","/ar/services/bp-diag-01","سعر+عرض (سلة+مشخّص)","قديم","B1","ar/en/fr/zh","لا"
"BP-GUIDE-01","دليل قطاعي عام","دعم الأعمال","ب — سعر + عرض سعر","إضافة للسلة (JS: bp_cart) ← /ar/cart ← /ar/checkout ← مُيسّر/تمارا","/ar/#advisor (محادثة المستشار الذكي ثم /my)","جديد (SV1)","الأساسي: السلة: جديد · الدفع: جديد | الثانوي: جديد","ينقطع بعد الدفع: السلة لا تُنشئ طلباً في /my (لا تتبّع ولا مستندات ولا تسليم؛ تأكيد بريدي + سجل CRM فقط) ؛ مسار عرض السعر: يكتمل حتى الدفع والفاتورة في /my","requiresProposal=true لكن الصفحة تتيح الشراء المباشر بالسلة (تتجاوز النطاق والمستندات)","/ar/services/bp-guide-01","سعر+عرض (سلة+مشخّص)","قديم","B1","ar/en/fr/zh","لا"
"BP-GUIDE-02","دليل مخصص","دعم الأعمال","ب — سعر + عرض سعر","إضافة للسلة (JS: bp_cart) ← /ar/cart ← /ar/checkout ← مُيسّر/تمارا","/ar/#advisor (محادثة المستشار الذكي ثم /my)","جديد (SV1)","الأساسي: السلة: جديد · الدفع: جديد | الثانوي: جديد","ينقطع بعد الدفع: السلة لا تُنشئ طلباً في /my (لا تتبّع ولا مستندات ولا تسليم؛ تأكيد بريدي + سجل CRM فقط) ؛ مسار عرض السعر: يكتمل حتى الدفع والفاتورة في /my","requiresProposal=true لكن الصفحة تتيح الشراء المباشر بالسلة (تتجاوز النطاق والمستندات)","/ar/services/bp-guide-02","سعر+عرض (سلة+مشخّص)","قديم","B1","ar/en/fr/zh","لا"
"BP-PL-0088","تسجيل قيد وكالة تجارية","دعم الأعمال","ب — سعر + عرض سعر","إضافة للسلة (JS: bp_cart) ← /ar/cart ← /ar/checkout ← مُيسّر/تمارا","/ar/#advisor (محادثة المستشار الذكي ثم /my)","جديد (SV1)","الأساسي: السلة: جديد · الدفع: جديد | الثانوي: جديد","ينقطع بعد الدفع: السلة لا تُنشئ طلباً في /my (لا تتبّع ولا مستندات ولا تسليم؛ تأكيد بريدي + سجل CRM فقط) ؛ مسار عرض السعر: يكتمل حتى الدفع والفاتورة في /my","requiresProposal=true لكن الصفحة تتيح الشراء المباشر بالسلة (تتجاوز النطاق والمستندات)","/ar/services/bp-pl-0088","سعر+عرض (سلة+مشخّص)","قديم","B1","ar/en/fr/zh","لا"
"BP-PL-0089","تعديل قيد وكالة تجارية","دعم الأعمال","ب — سعر + عرض سعر","إضافة للسلة (JS: bp_cart) ← /ar/cart ← /ar/checkout ← مُيسّر/تمارا","/ar/#advisor (محادثة المستشار الذكي ثم /my)","جديد (SV1)","الأساسي: السلة: جديد · الدفع: جديد | الثانوي: جديد","ينقطع بعد الدفع: السلة لا تُنشئ طلباً في /my (لا تتبّع ولا مستندات ولا تسليم؛ تأكيد بريدي + سجل CRM فقط) ؛ مسار عرض السعر: يكتمل حتى الدفع والفاتورة في /my","requiresProposal=true لكن الصفحة تتيح الشراء المباشر بالسلة (تتجاوز النطاق والمستندات)","/ar/services/bp-pl-0089","سعر+عرض (سلة+مشخّص)","قديم","B1","ar/en/fr/zh","لا"
"BP-PL-0090","تجديد قيد وكالة تجارية","دعم الأعمال","ب — سعر + عرض سعر","إضافة للسلة (JS: bp_cart) ← /ar/cart ← /ar/checkout ← مُيسّر/تمارا","/ar/#advisor (محادثة المستشار الذكي ثم /my)","جديد (SV1)","الأساسي: السلة: جديد · الدفع: جديد | الثانوي: جديد","ينقطع بعد الدفع: السلة لا تُنشئ طلباً في /my (لا تتبّع ولا مستندات ولا تسليم؛ تأكيد بريدي + سجل CRM فقط) ؛ مسار عرض السعر: يكتمل حتى الدفع والفاتورة في /my","requiresProposal=true لكن الصفحة تتيح الشراء المباشر بالسلة (تتجاوز النطاق والمستندات)","/ar/services/bp-pl-0090","سعر+عرض (سلة+مشخّص)","قديم","B1","ar/en/fr/zh","لا"
"BP-PL-0091","شطب قيد وكالة تجارية","دعم الأعمال","ب — سعر + عرض سعر","إضافة للسلة (JS: bp_cart) ← /ar/cart ← /ar/checkout ← مُيسّر/تمارا","/ar/#advisor (محادثة المستشار الذكي ثم /my)","جديد (SV1)","الأساسي: السلة: جديد · الدفع: جديد | الثانوي: جديد","ينقطع بعد الدفع: السلة لا تُنشئ طلباً في /my (لا تتبّع ولا مستندات ولا تسليم؛ تأكيد بريدي + سجل CRM فقط) ؛ مسار عرض السعر: يكتمل حتى الدفع والفاتورة في /my","requiresProposal=true لكن الصفحة تتيح الشراء المباشر بالسلة (تتجاوز النطاق والمستندات)","/ar/services/bp-pl-0091","سعر+عرض (سلة+مشخّص)","قديم","B1","ar/en/fr/zh","لا"
"BP-PL-0092","تراخيص التخفيضات","دعم الأعمال","ب — سعر + عرض سعر","إضافة للسلة (JS: bp_cart) ← /ar/cart ← /ar/checkout ← مُيسّر/تمارا","/ar/#advisor (محادثة المستشار الذكي ثم /my)","جديد (SV1)","الأساسي: السلة: جديد · الدفع: جديد | الثانوي: جديد","ينقطع بعد الدفع: السلة لا تُنشئ طلباً في /my (لا تتبّع ولا مستندات ولا تسليم؛ تأكيد بريدي + سجل CRM فقط) ؛ مسار عرض السعر: يكتمل حتى الدفع والفاتورة في /my","requiresProposal=true لكن الصفحة تتيح الشراء المباشر بالسلة (تتجاوز النطاق والمستندات)","/ar/services/bp-pl-0092","سعر+عرض (سلة+مشخّص)","قديم","B1","ar/en/fr/zh","لا"
"BP-PL-0093","تراخيص الأحجار الكريمة والمعادن الثمينة","دعم الأعمال","ب — سعر + عرض سعر","إضافة للسلة (JS: bp_cart) ← /ar/cart ← /ar/checkout ← مُيسّر/تمارا","/ar/#advisor (محادثة المستشار الذكي ثم /my)","جديد (SV1)","الأساسي: السلة: جديد · الدفع: جديد | الثانوي: جديد","ينقطع بعد الدفع: السلة لا تُنشئ طلباً في /my (لا تتبّع ولا مستندات ولا تسليم؛ تأكيد بريدي + سجل CRM فقط) ؛ مسار عرض السعر: يكتمل حتى الدفع والفاتورة في /my","requiresProposal=true لكن الصفحة تتيح الشراء المباشر بالسلة (تتجاوز النطاق والمستندات)","/ar/services/bp-pl-0093","سعر+عرض (سلة+مشخّص)","قديم","B1","ar/en/fr/zh","لا"
"BP-PL-0076","إصدار الترخيص الصناعي (تأسيس)","العلاقات الحكومية","ب — سعر + عرض سعر","إضافة للسلة (JS: bp_cart) ← /ar/cart ← /ar/checkout ← مُيسّر/تمارا","/ar/#advisor (محادثة المستشار الذكي ثم /my)","جديد (SV1)","الأساسي: السلة: جديد · الدفع: جديد | الثانوي: جديد","ينقطع بعد الدفع: السلة لا تُنشئ طلباً في /my (لا تتبّع ولا مستندات ولا تسليم؛ تأكيد بريدي + سجل CRM فقط) ؛ مسار عرض السعر: يكتمل حتى الدفع والفاتورة في /my","requiresProposal=true لكن الصفحة تتيح الشراء المباشر بالسلة (تتجاوز النطاق والمستندات)","/ar/services/bp-pl-0076","سعر+عرض (سلة+مشخّص)","قديم","B1","ar/en/fr/zh","لا"
"BP-PL-0077","تجديد الترخيص الصناعي","العلاقات الحكومية","ب — سعر + عرض سعر","إضافة للسلة (JS: bp_cart) ← /ar/cart ← /ar/checkout ← مُيسّر/تمارا","/ar/#advisor (محادثة المستشار الذكي ثم /my)","جديد (SV1)","الأساسي: السلة: جديد · الدفع: جديد | الثانوي: جديد","ينقطع بعد الدفع: السلة لا تُنشئ طلباً في /my (لا تتبّع ولا مستندات ولا تسليم؛ تأكيد بريدي + سجل CRM فقط) ؛ مسار عرض السعر: يكتمل حتى الدفع والفاتورة في /my","requiresProposal=true لكن الصفحة تتيح الشراء المباشر بالسلة (تتجاوز النطاق والمستندات)","/ar/services/bp-pl-0077","سعر+عرض (سلة+مشخّص)","قديم","B1","ar/en/fr/zh","لا"
"BP-PL-0078","تعديل الترخيص الصناعي","العلاقات الحكومية","ب — سعر + عرض سعر","إضافة للسلة (JS: bp_cart) ← /ar/cart ← /ar/checkout ← مُيسّر/تمارا","/ar/#advisor (محادثة المستشار الذكي ثم /my)","جديد (SV1)","الأساسي: السلة: جديد · الدفع: جديد | الثانوي: جديد","ينقطع بعد الدفع: السلة لا تُنشئ طلباً في /my (لا تتبّع ولا مستندات ولا تسليم؛ تأكيد بريدي + سجل CRM فقط) ؛ مسار عرض السعر: يكتمل حتى الدفع والفاتورة في /my","requiresProposal=true لكن الصفحة تتيح الشراء المباشر بالسلة (تتجاوز النطاق والمستندات)","/ar/services/bp-pl-0078","سعر+عرض (سلة+مشخّص)","قديم","B1","ar/en/fr/zh","لا"
"BP-PL-0079","نقل ملكية الترخيص الصناعي","العلاقات الحكومية","ب — سعر + عرض سعر","إضافة للسلة (JS: bp_cart) ← /ar/cart ← /ar/checkout ← مُيسّر/تمارا","/ar/#advisor (محادثة المستشار الذكي ثم /my)","جديد (SV1)","الأساسي: السلة: جديد · الدفع: جديد | الثانوي: جديد","ينقطع بعد الدفع: السلة لا تُنشئ طلباً في /my (لا تتبّع ولا مستندات ولا تسليم؛ تأكيد بريدي + سجل CRM فقط) ؛ مسار عرض السعر: يكتمل حتى الدفع والفاتورة في /my","requiresProposal=true لكن الصفحة تتيح الشراء المباشر بالسلة (تتجاوز النطاق والمستندات)","/ar/services/bp-pl-0079","سعر+عرض (سلة+مشخّص)","قديم","B1","ar/en/fr/zh","لا"
"BP-PL-0080","طلب تأييد العمالة","العلاقات الحكومية","ب — سعر + عرض سعر","إضافة للسلة (JS: bp_cart) ← /ar/cart ← /ar/checkout ← مُيسّر/تمارا","/ar/#advisor (محادثة المستشار الذكي ثم /my)","جديد (SV1)","الأساسي: السلة: جديد · الدفع: جديد | الثانوي: جديد","ينقطع بعد الدفع: السلة لا تُنشئ طلباً في /my (لا تتبّع ولا مستندات ولا تسليم؛ تأكيد بريدي + سجل CRM فقط) ؛ مسار عرض السعر: يكتمل حتى الدفع والفاتورة في /my","requiresProposal=true لكن الصفحة تتيح الشراء المباشر بالسلة (تتجاوز النطاق والمستندات)","/ar/services/bp-pl-0080","سعر+عرض (سلة+مشخّص)","قديم","B1","ar/en/fr/zh","لا"
"BP-PL-0081","إعفاء جمركي (مواد/آلات/قطع غيار)","العلاقات الحكومية","ب — سعر + عرض سعر","إضافة للسلة (JS: bp_cart) ← /ar/cart ← /ar/checkout ← مُيسّر/تمارا","/ar/#advisor (محادثة المستشار الذكي ثم /my)","جديد (SV1)","الأساسي: السلة: جديد · الدفع: جديد | الثانوي: جديد","ينقطع بعد الدفع: السلة لا تُنشئ طلباً في /my (لا تتبّع ولا مستندات ولا تسليم؛ تأكيد بريدي + سجل CRM فقط) ؛ مسار عرض السعر: يكتمل حتى الدفع والفاتورة في /my","requiresProposal=true لكن الصفحة تتيح الشراء المباشر بالسلة (تتجاوز النطاق والمستندات)","/ar/services/bp-pl-0081","سعر+عرض (سلة+مشخّص)","قديم","B1","ar/en/fr/zh","لا"
"BP-PL-0082","إصدار شهادة المنشأ","العلاقات الحكومية","ب — سعر + عرض سعر","إضافة للسلة (JS: bp_cart) ← /ar/cart ← /ar/checkout ← مُيسّر/تمارا","/ar/#advisor (محادثة المستشار الذكي ثم /my)","جديد (SV1)","الأساسي: السلة: جديد · الدفع: جديد | الثانوي: جديد","ينقطع بعد الدفع: السلة لا تُنشئ طلباً في /my (لا تتبّع ولا مستندات ولا تسليم؛ تأكيد بريدي + سجل CRM فقط) ؛ مسار عرض السعر: يكتمل حتى الدفع والفاتورة في /my","requiresProposal=true لكن الصفحة تتيح الشراء المباشر بالسلة (تتجاوز النطاق والمستندات)","/ar/services/bp-pl-0082","سعر+عرض (سلة+مشخّص)","قديم","B1","ar/en/fr/zh","لا"
"BP-PL-0083","طلب الفسح الكيميائي","العلاقات الحكومية","ب — سعر + عرض سعر","إضافة للسلة (JS: bp_cart) ← /ar/cart ← /ar/checkout ← مُيسّر/تمارا","/ar/#advisor (محادثة المستشار الذكي ثم /my)","جديد (SV1)","الأساسي: السلة: جديد · الدفع: جديد | الثانوي: جديد","ينقطع بعد الدفع: السلة لا تُنشئ طلباً في /my (لا تتبّع ولا مستندات ولا تسليم؛ تأكيد بريدي + سجل CRM فقط) ؛ مسار عرض السعر: يكتمل حتى الدفع والفاتورة في /my","requiresProposal=true لكن الصفحة تتيح الشراء المباشر بالسلة (تتجاوز النطاق والمستندات)","/ar/services/bp-pl-0083","سعر+عرض (سلة+مشخّص)","قديم","B1","ar/en/fr/zh","لا"
"BP-PL-0084","ترقية البنود الجمركية","العلاقات الحكومية","ب — سعر + عرض سعر","إضافة للسلة (JS: bp_cart) ← /ar/cart ← /ar/checkout ← مُيسّر/تمارا","/ar/#advisor (محادثة المستشار الذكي ثم /my)","جديد (SV1)","الأساسي: السلة: جديد · الدفع: جديد | الثانوي: جديد","ينقطع بعد الدفع: السلة لا تُنشئ طلباً في /my (لا تتبّع ولا مستندات ولا تسليم؛ تأكيد بريدي + سجل CRM فقط) ؛ مسار عرض السعر: يكتمل حتى الدفع والفاتورة في /my","requiresProposal=true لكن الصفحة تتيح الشراء المباشر بالسلة (تتجاوز النطاق والمستندات)","/ar/services/bp-pl-0084","سعر+عرض (سلة+مشخّص)","قديم","B1","ar/en/fr/zh","لا"
"BP-PL-0085","رخصة الاستطلاع (تعدين)","العلاقات الحكومية","ب — سعر + عرض سعر","إضافة للسلة (JS: bp_cart) ← /ar/cart ← /ar/checkout ← مُيسّر/تمارا","/ar/#advisor (محادثة المستشار الذكي ثم /my)","جديد (SV1)","الأساسي: السلة: جديد · الدفع: جديد | الثانوي: جديد","ينقطع بعد الدفع: السلة لا تُنشئ طلباً في /my (لا تتبّع ولا مستندات ولا تسليم؛ تأكيد بريدي + سجل CRM فقط) ؛ مسار عرض السعر: يكتمل حتى الدفع والفاتورة في /my","requiresProposal=true لكن الصفحة تتيح الشراء المباشر بالسلة (تتجاوز النطاق والمستندات)","/ar/services/bp-pl-0085","سعر+عرض (سلة+مشخّص)","قديم","B1","ar/en/fr/zh","لا"
"BP-PL-0086","المسح الصناعي","العلاقات الحكومية","ب — سعر + عرض سعر","إضافة للسلة (JS: bp_cart) ← /ar/cart ← /ar/checkout ← مُيسّر/تمارا","/ar/#advisor (محادثة المستشار الذكي ثم /my)","جديد (SV1)","الأساسي: السلة: جديد · الدفع: جديد | الثانوي: جديد","ينقطع بعد الدفع: السلة لا تُنشئ طلباً في /my (لا تتبّع ولا مستندات ولا تسليم؛ تأكيد بريدي + سجل CRM فقط) ؛ مسار عرض السعر: يكتمل حتى الدفع والفاتورة في /my","requiresProposal=true لكن الصفحة تتيح الشراء المباشر بالسلة (تتجاوز النطاق والمستندات)","/ar/services/bp-pl-0086","سعر+عرض (سلة+مشخّص)","قديم","B1","ar/en/fr/zh","لا"
"BP-PL-0087","تصريح الاستشارات الأمنية","العلاقات الحكومية","ب — سعر + عرض سعر","إضافة للسلة (JS: bp_cart) ← /ar/cart ← /ar/checkout ← مُيسّر/تمارا","/ar/#advisor (محادثة المستشار الذكي ثم /my)","جديد (SV1)","الأساسي: السلة: جديد · الدفع: جديد | الثانوي: جديد","ينقطع بعد الدفع: السلة لا تُنشئ طلباً في /my (لا تتبّع ولا مستندات ولا تسليم؛ تأكيد بريدي + سجل CRM فقط) ؛ مسار عرض السعر: يكتمل حتى الدفع والفاتورة في /my","requiresProposal=true لكن الصفحة تتيح الشراء المباشر بالسلة (تتجاوز النطاق والمستندات)","/ar/services/bp-pl-0087","سعر+عرض (سلة+مشخّص)","قديم","B1","ar/en/fr/zh","لا"
"BP-SUB-01","اشتراك تحديثات","دعم الأعمال","ب — سعر + عرض سعر","إضافة للسلة (JS: bp_cart) ← /ar/cart ← /ar/checkout ← مُيسّر/تمارا","/ar/#advisor (محادثة المستشار الذكي ثم /my)","جديد (SV1)","الأساسي: السلة: جديد · الدفع: جديد | الثانوي: جديد","ينقطع بعد الدفع: السلة لا تُنشئ طلباً في /my (لا تتبّع ولا مستندات ولا تسليم؛ تأكيد بريدي + سجل CRM فقط) ؛ مسار عرض السعر: يكتمل حتى الدفع والفاتورة في /my","requiresProposal=true لكن الصفحة تتيح الشراء المباشر بالسلة (تتجاوز النطاق والمستندات) ؛ اشتراك شهري لكن عنصر السلة يُنشأ بلا billingPeriod/renewsAt","/ar/services/bp-sub-01","سعر+عرض (سلة+مشخّص)","قديم","B1","ar/en/fr/zh","لا"
"BP-VENDOR-01","تأهيل مورد","دعم الأعمال","هـ — خاص (موردون)","إضافة للسلة (JS: bp_cart) ← /ar/cart ← /ar/checkout ← مُيسّر/تمارا","/ar/#advisor (محادثة المستشار الذكي ثم /my)","جديد (SV1)","الأساسي: السلة: جديد · الدفع: جديد | الثانوي: جديد","ينقطع بعد الدفع: السلة لا تُنشئ طلباً في /my (لا تتبّع ولا مستندات ولا تسليم؛ تأكيد بريدي + سجل CRM فقط) ؛ مسار عرض السعر: يكتمل حتى الدفع والفاتورة في /my","توجد صفحة منتج موازية /ar/vendor (جديد) لا تربطها صفحة الخدمة ؛ requiresProposal=true لكن الصفحة تتيح الشراء المباشر بالسلة (تتجاوز النطاق والمستندات)","/ar/services/bp-vendor-01","سعر+عرض (سلة+مشخّص)","قديم","B1","ar/en/fr/zh","لا"
"BP-VENDOR-02","متابعة مورد","دعم الأعمال","هـ — خاص (موردون)","إضافة للسلة (JS: bp_cart) ← /ar/cart ← /ar/checkout ← مُيسّر/تمارا","/ar/#advisor (محادثة المستشار الذكي ثم /my)","جديد (SV1)","الأساسي: السلة: جديد · الدفع: جديد | الثانوي: جديد","ينقطع بعد الدفع: السلة لا تُنشئ طلباً في /my (لا تتبّع ولا مستندات ولا تسليم؛ تأكيد بريدي + سجل CRM فقط) ؛ مسار عرض السعر: يكتمل حتى الدفع والفاتورة في /my","توجد صفحة منتج موازية /ar/vendor (جديد) لا تربطها صفحة الخدمة ؛ requiresProposal=true لكن الصفحة تتيح الشراء المباشر بالسلة (تتجاوز النطاق والمستندات) ؛ اشتراك شهري لكن عنصر السلة يُنشأ بلا billingPeriod/renewsAt","/ar/services/bp-vendor-02","سعر+عرض (سلة+مشخّص)","قديم","B1","ar/en/fr/zh","لا"
"BP-AI-03","مستشار الامتثال والالتزام","الأتمتة والذكاء الاصطناعي","هـ — خاص (وكلاء أذكياء)","إضافة للسلة (JS: bp_cart) ← /ar/cart ← /ar/checkout ← مُيسّر/تمارا","","جديد (SV1)","الأساسي: السلة: جديد · الدفع: جديد","الدفع من صفحة الخدمة لا يفعّل الاشتراك: المعرّف svc-* بدل agent-*/employee-* فيصل تأكيد بريدي عام فقط ؛ ينقطع بعد الدفع: السلة لا تُنشئ طلباً في /my (لا تتبّع ولا مستندات ولا تسليم؛ تأكيد بريدي + سجل CRM فقط)","المستندات عامة (٣ بنود عامة) ؛ توجد صفحة منتج موازية /ar/compliance-agent (قديم) لا تربطها صفحة الخدمة ؛ اشتراك شهري لكن عنصر السلة يُنشأ بلا billingPeriod/renewsAt","/ar/services/bp-ai-03","سعر ثابت (سلة فقط)","قديم","B4+B1","ar/en/fr/zh","لا"
"BP-AI-SMART-EMPLOYEE","الموظف الذكي المتخصص","الأتمتة والذكاء الاصطناعي","هـ — خاص (وكلاء أذكياء)","إضافة للسلة (JS: bp_cart) ← /ar/cart ← /ar/checkout ← مُيسّر/تمارا","","جديد (SV1)","الأساسي: السلة: جديد · الدفع: جديد","الدفع من صفحة الخدمة لا يفعّل الاشتراك: المعرّف svc-* بدل agent-*/employee-* فيصل تأكيد بريدي عام فقط ؛ ينقطع بعد الدفع: السلة لا تُنشئ طلباً في /my (لا تتبّع ولا مستندات ولا تسليم؛ تأكيد بريدي + سجل CRM فقط)","المستندات عامة (٣ بنود عامة) ؛ توجد صفحة منتج موازية /ar/smart-employee (قديم) لا تربطها صفحة الخدمة ؛ اشتراك شهري لكن عنصر السلة يُنشأ بلا billingPeriod/renewsAt","/ar/services/bp-ai-smart-employee","سعر ثابت (سلة فقط)","قديم","B4+B1","ar/en/fr/zh","لا"
"BP-AI-04","فريق الخدمات المشتركة","الأتمتة والذكاء الاصطناعي","هـ — خاص (وكلاء أذكياء)","إضافة للسلة (JS: bp_cart) ← /ar/cart ← /ar/checkout ← مُيسّر/تمارا","","جديد (SV1)","الأساسي: السلة: جديد · الدفع: جديد","الدفع من صفحة الخدمة لا يفعّل الاشتراك: المعرّف svc-* بدل agent-*/employee-* فيصل تأكيد بريدي عام فقط ؛ ينقطع بعد الدفع: السلة لا تُنشئ طلباً في /my (لا تتبّع ولا مستندات ولا تسليم؛ تأكيد بريدي + سجل CRM فقط)","المستندات عامة (٣ بنود عامة) ؛ توجد صفحة منتج موازية /ar/shared-services (قديم) لا تربطها صفحة الخدمة ؛ اشتراك شهري لكن عنصر السلة يُنشأ بلا billingPeriod/renewsAt","/ar/services/bp-ai-04","سعر ثابت (سلة فقط)","قديم","B4+B1","ar/en/fr/zh","لا"
"AI-GEN","الأتمتة بالذكاء الاصطناعي — خدمة حسب الطلب","الأتمتة والذكاء الاصطناعي","هـ — خاص (وكلاء أذكياء)","إضافة للسلة (JS: bp_cart) ← /ar/cart ← /ar/checkout ← مُيسّر/تمارا","/ar/#advisor (محادثة المستشار الذكي ثم /my)","جديد (SV1)","الأساسي: السلة: جديد · الدفع: جديد | الثانوي: جديد","ينقطع بعد الدفع: السلة لا تُنشئ طلباً في /my (لا تتبّع ولا مستندات ولا تسليم؛ تأكيد بريدي + سجل CRM فقط) ؛ مسار عرض السعر: يكتمل حتى الدفع والفاتورة في /my","المستندات عامة (٣ بنود عامة) ؛ بلا قسم «ما نتولّاه» ؛ requiresProposal=true لكن الصفحة تتيح الشراء المباشر بالسلة (تتجاوز النطاق والمستندات)","/ar/services/ai-gen","سعر+عرض (سلة+مشخّص)","قديم","B1","ar/en/fr/zh","لا"
"CF-GEN","تأسيس الشركات — خدمة حسب الطلب","تأسيس الشركات","د — بلا سعر / حسب الحالة","/ar/#advisor (محادثة المستشار الذكي ثم /my)","/ar/consultation?about=تأسيس الشركات — خدمة حسب الطلب","جديد (SV1)","الأساسي: جديد | الثانوي: جديد","زر «احجز استشارة» يمرّر ?about= والصفحة لا تقرؤه (تقرأ ?topic=rec-gen فقط): تضيع هوية الخدمة ؛ مسار عرض السعر: يكتمل حتى الدفع والفاتورة في /my","المستندات عامة (٣ بنود عامة) ؛ بلا قسم «ما نتولّاه»","/ar/services/cf-gen","بلا سعر (مشخّص+استشارة)","قديم","B3","ar/en/fr/zh","لا"
"GOV-GEN","المعاملات الحكومية — خدمة حسب الطلب","العلاقات الحكومية","د — بلا سعر / حسب الحالة","/ar/#advisor (محادثة المستشار الذكي ثم /my)","/ar/consultation?about=المعاملات الحكومية — خدمة حسب الطلب","جديد (SV1)","الأساسي: جديد | الثانوي: جديد","زر «احجز استشارة» يمرّر ?about= والصفحة لا تقرؤه (تقرأ ?topic=rec-gen فقط): تضيع هوية الخدمة ؛ مسار عرض السعر: يكتمل حتى الدفع والفاتورة في /my","المستندات عامة (٣ بنود عامة) ؛ بلا قسم «ما نتولّاه»","/ar/services/gov-gen","بلا سعر (مشخّص+استشارة)","قديم","B3","ar/en/fr/zh","لا"
"GR-GEN","مندوب العلاقات الحكومية","العلاقات الحكومية","د — بلا سعر / حسب الحالة","/ar/#advisor (محادثة المستشار الذكي ثم /my)","/ar/consultation?about=مندوب العلاقات الحكومية","جديد (SV1)","الأساسي: جديد | الثانوي: جديد","زر «احجز استشارة» يمرّر ?about= والصفحة لا تقرؤه (تقرأ ?topic=rec-gen فقط): تضيع هوية الخدمة ؛ مسار عرض السعر: يكتمل حتى الدفع والفاتورة في /my","المستندات عامة (٣ بنود عامة) ؛ بلا قسم «ما نتولّاه»","/ar/services/gr-gen","بلا سعر (مشخّص+استشارة)","قديم","B3","ar/en/fr/zh","لا"
"HR-GEN","الموارد البشرية — خدمة حسب الطلب","الموارد البشرية","د — بلا سعر / حسب الحالة","/ar/#advisor (محادثة المستشار الذكي ثم /my)","/ar/consultation?about=الموارد البشرية — خدمة حسب الطلب","جديد (SV1)","الأساسي: جديد | الثانوي: جديد","زر «احجز استشارة» يمرّر ?about= والصفحة لا تقرؤه (تقرأ ?topic=rec-gen فقط): تضيع هوية الخدمة ؛ مسار عرض السعر: يكتمل حتى الدفع والفاتورة في /my","المستندات عامة (٣ بنود عامة) ؛ بلا قسم «ما نتولّاه»","/ar/services/hr-gen","بلا سعر (مشخّص+استشارة)","قديم","B3","ar/en/fr/zh","لا"
"PR-GEN","الإقامة المميزة — خدمة حسب الطلب","الإقامة المميزة","د — بلا سعر / حسب الحالة","/ar/#advisor (محادثة المستشار الذكي ثم /my)","/ar/consultation?about=الإقامة المميزة — خدمة حسب الطلب","جديد (SV1)","الأساسي: جديد | الثانوي: جديد","زر «احجز استشارة» يمرّر ?about= والصفحة لا تقرؤه (تقرأ ?topic=rec-gen فقط): تضيع هوية الخدمة ؛ مسار عرض السعر: يكتمل حتى الدفع والفاتورة في /my","المستندات عامة (٣ بنود عامة) ؛ بلا قسم «ما نتولّاه»","/ar/services/pr-gen","بلا سعر (مشخّص+استشارة)","قديم","B3","ar/en/fr/zh","لا"
"RE-GEN","العقارات — خدمة حسب الطلب","المكاتب ومساحات العمل","هـ — خاص (عقار)","/ar/workspace-request","","جديد (SV1)","الأساسي: قديم","نموذج طلب مساحة عمل قديم (main.js): لا يُنشئ طلباً في /my، ونتيجته زر واتساب لا تتبّع","المستندات عامة (٣ بنود عامة) ؛ بلا قسم «ما نتولّاه»","/ar/services/re-gen","نموذج مساحة عمل","قديم","B2","ar/en/fr/zh","لا"
"REC-GEN","التوظيف والاستقدام — خدمة حسب الطلب","التوظيف والاستقدام","هـ — خاص (توظيف)","/ar/#advisor (محادثة المستشار الذكي ثم /my)","/ar/consultation?about=التوظيف والاستقدام — خدمة حسب الطلب","جديد (SV1)","الأساسي: جديد | الثانوي: جديد","زر «احجز استشارة» يمرّر ?about= والصفحة لا تقرؤه (تقرأ ?topic=rec-gen فقط): تضيع هوية الخدمة ؛ مسار عرض السعر: يكتمل حتى الدفع والفاتورة في /my","المستندات عامة (٣ بنود عامة) ؛ بلا قسم «ما نتولّاه»","/ar/services/rec-gen","بلا سعر (مشخّص+استشارة)","قديم","B3","ar/en/fr/zh","لا"
"SBC-GEN","الخدمات المشتركة — خدمة حسب الطلب","دعم الأعمال","د — بلا سعر / حسب الحالة","/ar/#advisor (محادثة المستشار الذكي ثم /my)","/ar/consultation?about=الخدمات المشتركة — خدمة حسب الطلب","جديد (SV1)","الأساسي: جديد | الثانوي: جديد","زر «احجز استشارة» يمرّر ?about= والصفحة لا تقرؤه (تقرأ ?topic=rec-gen فقط): تضيع هوية الخدمة ؛ مسار عرض السعر: يكتمل حتى الدفع والفاتورة في /my","المستندات عامة (٣ بنود عامة) ؛ بلا قسم «ما نتولّاه»","/ar/services/sbc-gen","بلا سعر (مشخّص+استشارة)","قديم","B3","ar/en/fr/zh","لا"
"SUP-GEN","الدعم والاستشارات — خدمة حسب الطلب","دعم الأعمال","د — بلا سعر / حسب الحالة","/ar/#advisor (محادثة المستشار الذكي ثم /my)","/ar/consultation?about=الدعم والاستشارات — خدمة حسب الطلب","جديد (SV1)","الأساسي: جديد | الثانوي: جديد","زر «احجز استشارة» يمرّر ?about= والصفحة لا تقرؤه (تقرأ ?topic=rec-gen فقط): تضيع هوية الخدمة ؛ مسار عرض السعر: يكتمل حتى الدفع والفاتورة في /my","المستندات عامة (٣ بنود عامة) ؛ بلا قسم «ما نتولّاه»","/ar/services/sup-gen","بلا سعر (مشخّص+استشارة)","قديم","B3","ar/en/fr/zh","لا"
"TR-GEN","السياحة — خدمة حسب الطلب","دعم الأعمال","هـ — خاص (سياحة)","/ar/#advisor (محادثة المستشار الذكي ثم /my)","/ar/consultation?about=السياحة — خدمة حسب الطلب","جديد (SV1)","الأساسي: جديد | الثانوي: جديد","زر «احجز استشارة» يمرّر ?about= والصفحة لا تقرؤه (تقرأ ?topic=rec-gen فقط): تضيع هوية الخدمة ؛ مسار عرض السعر: يكتمل حتى الدفع والفاتورة في /my","المستندات عامة (٣ بنود عامة) ؛ بلا قسم «ما نتولّاه» ؛ توجد صفحة منتج موازية /ar/tourism (قديم) لا تربطها صفحة الخدمة","/ar/services/tr-gen","بلا سعر (مشخّص+استشارة)","قديم","B3","ar/en/fr/zh","لا"
"CV-10","توفير سير ذاتية لمرشحين","التوظيف والاستقدام","هـ — خاص (توظيف)","إضافة للسلة (JS: bp_cart) ← /ar/cart ← /ar/checkout ← مُيسّر/تمارا","","جديد (SV1)","الأساسي: السلة: جديد · الدفع: جديد","ينقطع بعد الدفع: السلة لا تُنشئ طلباً في /my (لا تتبّع ولا مستندات ولا تسليم؛ تأكيد بريدي + سجل CRM فقط)","المستندات عامة (٣ بنود عامة) ؛ بلا قسم «ما نتولّاه»","/ar/services/cv-10","سعر ثابت (سلة فقط)","قديم","B1","ar/en/fr/zh","لا"
"MA-BRK","وساطة اندماج واستحواذ","دعم الأعمال","د — بلا سعر / حسب الحالة","/ar/#advisor (محادثة المستشار الذكي ثم /my)","/ar/consultation?about=وساطة اندماج واستحواذ","جديد (SV1)","الأساسي: جديد | الثانوي: جديد","زر «احجز استشارة» يمرّر ?about= والصفحة لا تقرؤه (تقرأ ?topic=rec-gen فقط): تضيع هوية الخدمة ؛ مسار عرض السعر: يكتمل حتى الدفع والفاتورة في /my","المستندات عامة (٣ بنود عامة) ؛ بلا قسم «ما نتولّاه»","/ar/services/ma-brk","بلا سعر (مشخّص+استشارة)","قديم","B3","ar/en/fr/zh","لا"
"FI-100","تأسيس كيان استثمار أجنبي — شركة مملوكة ⁦100%⁩ لمستثمر أجنبي","الاستثمار الأجنبي","أ — تُشترى بسلة","إضافة للسلة (JS: bp_cart) ← /ar/cart ← /ar/checkout ← مُيسّر/تمارا","","جديد (SV1)","الأساسي: السلة: جديد · الدفع: جديد","ينقطع بعد الدفع: السلة لا تُنشئ طلباً في /my (لا تتبّع ولا مستندات ولا تسليم؛ تأكيد بريدي + سجل CRM فقط)","المستندات عامة (٣ بنود عامة) ؛ بلا قسم «ما نتولّاه»","/ar/services/fi-100","سعر ثابت (سلة فقط)","قديم","B1","ar/en/fr/zh","لا"
"QW-EST","مهمة منصة قوى وفتح ملف المنشأة لدى وزارة الموارد البشرية والتنمية الاجتماعية","الموارد البشرية","أ — تُشترى بسلة","إضافة للسلة (JS: bp_cart) ← /ar/cart ← /ar/checkout ← مُيسّر/تمارا","","جديد (SV1)","الأساسي: السلة: جديد · الدفع: جديد","ينقطع بعد الدفع: السلة لا تُنشئ طلباً في /my (لا تتبّع ولا مستندات ولا تسليم؛ تأكيد بريدي + سجل CRM فقط)","المستندات عامة (٣ بنود عامة) ؛ بلا قسم «ما نتولّاه»","/ar/services/qw-est","سعر ثابت (سلة فقط)","قديم","B1","ar/en/fr/zh","لا"
"BP-REF-01","خدمة التقديم على استرداد الرسوم الحكومية","دعم الأعمال","أ — تُشترى بسلة","إضافة للسلة (JS: bp_cart) ← /ar/cart ← /ar/checkout ← مُيسّر/تمارا","","جديد (SV1)","الأساسي: السلة: جديد · الدفع: جديد","ينقطع بعد الدفع: السلة لا تُنشئ طلباً في /my (لا تتبّع ولا مستندات ولا تسليم؛ تأكيد بريدي + سجل CRM فقط)","المستندات عامة (٣ بنود عامة) ؛ توجد صفحة منتج موازية /ar/estrdad (قديم) لا تربطها صفحة الخدمة","/ar/services/bp-ref-01","سعر ثابت (سلة فقط)","قديم","B1","ar/en/fr/zh","لا"
"BP-AJEER-01","تسجيل المنشأة في منصة أجير وتفعيل الخدمة","العلاقات الحكومية","أ — تُشترى بسلة","إضافة للسلة (JS: bp_cart) ← /ar/cart ← /ar/checkout ← مُيسّر/تمارا","","جديد (SV1)","الأساسي: السلة: جديد · الدفع: جديد","ينقطع بعد الدفع: السلة لا تُنشئ طلباً في /my (لا تتبّع ولا مستندات ولا تسليم؛ تأكيد بريدي + سجل CRM فقط)","","/ar/services/bp-ajeer-01","سعر ثابت (سلة فقط)","قديم","B1","ar/en/fr/zh","لا"
"BP-AJEER-02","إصدار تصريح تعاقد أجير","العلاقات الحكومية","أ — تُشترى بسلة","إضافة للسلة (JS: bp_cart) ← /ar/cart ← /ar/checkout ← مُيسّر/تمارا","","جديد (SV1)","الأساسي: السلة: جديد · الدفع: جديد","ينقطع بعد الدفع: السلة لا تُنشئ طلباً في /my (لا تتبّع ولا مستندات ولا تسليم؛ تأكيد بريدي + سجل CRM فقط)","","/ar/services/bp-ajeer-02","سعر ثابت (سلة فقط)","قديم","B1","ar/en/fr/zh","لا"
"BP-AJEER-03","إصدار تصريح إعارة أجير بين منشأتين","العلاقات الحكومية","أ — تُشترى بسلة","إضافة للسلة (JS: bp_cart) ← /ar/cart ← /ar/checkout ← مُيسّر/تمارا","","جديد (SV1)","الأساسي: السلة: جديد · الدفع: جديد","ينقطع بعد الدفع: السلة لا تُنشئ طلباً في /my (لا تتبّع ولا مستندات ولا تسليم؛ تأكيد بريدي + سجل CRM فقط)","","/ar/services/bp-ajeer-03","سعر ثابت (سلة فقط)","قديم","B1","ar/en/fr/zh","لا"
"BP-AJEER-04","إصدار تصريح إسناد السعوديين","العلاقات الحكومية","أ — تُشترى بسلة","إضافة للسلة (JS: bp_cart) ← /ar/cart ← /ar/checkout ← مُيسّر/تمارا","","جديد (SV1)","الأساسي: السلة: جديد · الدفع: جديد","ينقطع بعد الدفع: السلة لا تُنشئ طلباً في /my (لا تتبّع ولا مستندات ولا تسليم؛ تأكيد بريدي + سجل CRM فقط)","","/ar/services/bp-ajeer-04","سعر ثابت (سلة فقط)","قديم","B1","ar/en/fr/zh","لا"
"BP-AJEER-05","إصدار تصريح مرافقين أجير (التعليم والصحة)","العلاقات الحكومية","أ — تُشترى بسلة","إضافة للسلة (JS: bp_cart) ← /ar/cart ← /ar/checkout ← مُيسّر/تمارا","","جديد (SV1)","الأساسي: السلة: جديد · الدفع: جديد","ينقطع بعد الدفع: السلة لا تُنشئ طلباً في /my (لا تتبّع ولا مستندات ولا تسليم؛ تأكيد بريدي + سجل CRM فقط)","","/ar/services/bp-ajeer-05","سعر ثابت (سلة فقط)","قديم","B1","ar/en/fr/zh","لا"
"BP-AJEER-06","إصدار تصاريح أجير المواسم (الحج والعمرة)","العلاقات الحكومية","أ — تُشترى بسلة","إضافة للسلة (JS: bp_cart) ← /ar/cart ← /ar/checkout ← مُيسّر/تمارا","","جديد (SV1)","الأساسي: السلة: جديد · الدفع: جديد","ينقطع بعد الدفع: السلة لا تُنشئ طلباً في /my (لا تتبّع ولا مستندات ولا تسليم؛ تأكيد بريدي + سجل CRM فقط)","","/ar/services/bp-ajeer-06","سعر ثابت (سلة فقط)","قديم","B1","ar/en/fr/zh","لا"
"BP-AJEER-07","تجديد تصريح أجير أو إنهاؤه","العلاقات الحكومية","أ — تُشترى بسلة","إضافة للسلة (JS: bp_cart) ← /ar/cart ← /ar/checkout ← مُيسّر/تمارا","","جديد (SV1)","الأساسي: السلة: جديد · الدفع: جديد","ينقطع بعد الدفع: السلة لا تُنشئ طلباً في /my (لا تتبّع ولا مستندات ولا تسليم؛ تأكيد بريدي + سجل CRM فقط)","","/ar/services/bp-ajeer-07","سعر ثابت (سلة فقط)","قديم","B1","ar/en/fr/zh","لا"
"BP-AJEER-08","توثيق عقد أجير بين المنشأتين ومتابعته","العلاقات الحكومية","أ — تُشترى بسلة","إضافة للسلة (JS: bp_cart) ← /ar/cart ← /ar/checkout ← مُيسّر/تمارا","","جديد (SV1)","الأساسي: السلة: جديد · الدفع: جديد","ينقطع بعد الدفع: السلة لا تُنشئ طلباً في /my (لا تتبّع ولا مستندات ولا تسليم؛ تأكيد بريدي + سجل CRM فقط)","","/ar/services/bp-ajeer-08","سعر ثابت (سلة فقط)","قديم","B1","ar/en/fr/zh","لا"
"BP-AJEER-10","إدارة تصاريح أجير — تشغيل شهري","العلاقات الحكومية","أ — تُشترى بسلة","إضافة للسلة (JS: bp_cart) ← /ar/cart ← /ar/checkout ← مُيسّر/تمارا","","جديد (SV1)","الأساسي: السلة: جديد · الدفع: جديد","ينقطع بعد الدفع: السلة لا تُنشئ طلباً في /my (لا تتبّع ولا مستندات ولا تسليم؛ تأكيد بريدي + سجل CRM فقط)","اشتراك شهري لكن عنصر السلة يُنشأ بلا billingPeriod/renewsAt","/ar/services/bp-ajeer-10","سعر ثابت (سلة فقط)","قديم","B1","ar/en/fr/zh","لا"
"BP-AJEER-CS","استشارة أجير: التصريح المناسب لحالتك","دعم الأعمال","أ — تُشترى بسلة","إضافة للسلة (JS: bp_cart) ← /ar/cart ← /ar/checkout ← مُيسّر/تمارا","","جديد (SV1)","الأساسي: السلة: جديد · الدفع: جديد","ينقطع بعد الدفع: السلة لا تُنشئ طلباً في /my (لا تتبّع ولا مستندات ولا تسليم؛ تأكيد بريدي + سجل CRM فقط)","","/ar/services/bp-ajeer-cs","سعر ثابت (سلة فقط)","قديم","B1","ar/en/fr/zh","لا"
"BP-HRSD-01","التصعيد على منصات الوزارة (قوى وأجير ومدد ومساند)","العلاقات الحكومية","أ — تُشترى بسلة","إضافة للسلة (JS: bp_cart) ← /ar/cart ← /ar/checkout ← مُيسّر/تمارا","","جديد (SV1)","الأساسي: السلة: جديد · الدفع: جديد","ينقطع بعد الدفع: السلة لا تُنشئ طلباً في /my (لا تتبّع ولا مستندات ولا تسليم؛ تأكيد بريدي + سجل CRM فقط)","","/ar/services/bp-hrsd-01","سعر ثابت (سلة فقط)","قديم","B1","ar/en/fr/zh","لا"
"BP-HRSD-02","تقديم شكوى لدى وزارة الموارد البشرية ومتابعتها","العلاقات الحكومية","أ — تُشترى بسلة","إضافة للسلة (JS: bp_cart) ← /ar/cart ← /ar/checkout ← مُيسّر/تمارا","","جديد (SV1)","الأساسي: السلة: جديد · الدفع: جديد","ينقطع بعد الدفع: السلة لا تُنشئ طلباً في /my (لا تتبّع ولا مستندات ولا تسليم؛ تأكيد بريدي + سجل CRM فقط)","","/ar/services/bp-hrsd-02","سعر ثابت (سلة فقط)","قديم","B1","ar/en/fr/zh","لا"
"BP-HRSD-03","تقديم طلب لدى وزارة الموارد البشرية ومتابعته","العلاقات الحكومية","أ — تُشترى بسلة","إضافة للسلة (JS: bp_cart) ← /ar/cart ← /ar/checkout ← مُيسّر/تمارا","","جديد (SV1)","الأساسي: السلة: جديد · الدفع: جديد","ينقطع بعد الدفع: السلة لا تُنشئ طلباً في /my (لا تتبّع ولا مستندات ولا تسليم؛ تأكيد بريدي + سجل CRM فقط)","","/ar/services/bp-hrsd-03","سعر ثابت (سلة فقط)","قديم","B1","ar/en/fr/zh","لا"
"BP-HRSD-04","الاعتراض على مخالفة نظام العمل","العلاقات الحكومية","أ — تُشترى بسلة","إضافة للسلة (JS: bp_cart) ← /ar/cart ← /ar/checkout ← مُيسّر/تمارا","","جديد (SV1)","الأساسي: السلة: جديد · الدفع: جديد","ينقطع بعد الدفع: السلة لا تُنشئ طلباً في /my (لا تتبّع ولا مستندات ولا تسليم؛ تأكيد بريدي + سجل CRM فقط)","","/ar/services/bp-hrsd-04","سعر ثابت (سلة فقط)","قديم","B1","ar/en/fr/zh","لا"
"BP-HRSD-05","التسوية الخاصة بصاحب المنشأة (مخالفات نظام العمل)","العلاقات الحكومية","أ — تُشترى بسلة","إضافة للسلة (JS: bp_cart) ← /ar/cart ← /ar/checkout ← مُيسّر/تمارا","","جديد (SV1)","الأساسي: السلة: جديد · الدفع: جديد","ينقطع بعد الدفع: السلة لا تُنشئ طلباً في /my (لا تتبّع ولا مستندات ولا تسليم؛ تأكيد بريدي + سجل CRM فقط)","","/ar/services/bp-hrsd-05","سعر ثابت (سلة فقط)","قديم","B1","ar/en/fr/zh","لا"
"BP-HRSD-06","إعفاء أو تقسيط مديونية رخص العمل والمقابل المالي","العلاقات الحكومية","أ — تُشترى بسلة","إضافة للسلة (JS: bp_cart) ← /ar/cart ← /ar/checkout ← مُيسّر/تمارا","","جديد (SV1)","الأساسي: السلة: جديد · الدفع: جديد","ينقطع بعد الدفع: السلة لا تُنشئ طلباً في /my (لا تتبّع ولا مستندات ولا تسليم؛ تأكيد بريدي + سجل CRM فقط)","","/ar/services/bp-hrsd-06","سعر ثابت (سلة فقط)","قديم","B1","ar/en/fr/zh","لا"
"BP-HRSD-07","تصحيح بيانات المنشأة لدى الوزارة","العلاقات الحكومية","أ — تُشترى بسلة","إضافة للسلة (JS: bp_cart) ← /ar/cart ← /ar/checkout ← مُيسّر/تمارا","","جديد (SV1)","الأساسي: السلة: جديد · الدفع: جديد","ينقطع بعد الدفع: السلة لا تُنشئ طلباً في /my (لا تتبّع ولا مستندات ولا تسليم؛ تأكيد بريدي + سجل CRM فقط)","","/ar/services/bp-hrsd-07","سعر ثابت (سلة فقط)","قديم","B1","ar/en/fr/zh","لا"
"BP-HRSD-08","رفع تجميد حساب المنشأة ومعالجة الاشتباه","العلاقات الحكومية","أ — تُشترى بسلة","إضافة للسلة (JS: bp_cart) ← /ar/cart ← /ar/checkout ← مُيسّر/تمارا","","جديد (SV1)","الأساسي: السلة: جديد · الدفع: جديد","ينقطع بعد الدفع: السلة لا تُنشئ طلباً في /my (لا تتبّع ولا مستندات ولا تسليم؛ تأكيد بريدي + سجل CRM فقط)","","/ar/services/bp-hrsd-08","سعر ثابت (سلة فقط)","قديم","B1","ar/en/fr/zh","لا"
"BP-HRSD-09","اعتماد لائحة تنظيم العمل","العلاقات الحكومية","أ — تُشترى بسلة","إضافة للسلة (JS: bp_cart) ← /ar/cart ← /ar/checkout ← مُيسّر/تمارا","","جديد (SV1)","الأساسي: السلة: جديد · الدفع: جديد","ينقطع بعد الدفع: السلة لا تُنشئ طلباً في /my (لا تتبّع ولا مستندات ولا تسليم؛ تأكيد بريدي + سجل CRM فقط)","","/ar/services/bp-hrsd-09","سعر ثابت (سلة فقط)","قديم","B1","ar/en/fr/zh","لا"
"BP-HRSD-10","بلاغ التغيب وإلغاؤه","العلاقات الحكومية","أ — تُشترى بسلة","إضافة للسلة (JS: bp_cart) ← /ar/cart ← /ar/checkout ← مُيسّر/تمارا","","جديد (SV1)","الأساسي: السلة: جديد · الدفع: جديد","ينقطع بعد الدفع: السلة لا تُنشئ طلباً في /my (لا تتبّع ولا مستندات ولا تسليم؛ تأكيد بريدي + سجل CRM فقط)","","/ar/services/bp-hrsd-10","سعر ثابت (سلة فقط)","قديم","B1","ar/en/fr/zh","لا"
"BP-HRSD-11","طلب الخروج النهائي","العلاقات الحكومية","أ — تُشترى بسلة","إضافة للسلة (JS: bp_cart) ← /ar/cart ← /ar/checkout ← مُيسّر/تمارا","","جديد (SV1)","الأساسي: السلة: جديد · الدفع: جديد","ينقطع بعد الدفع: السلة لا تُنشئ طلباً في /my (لا تتبّع ولا مستندات ولا تسليم؛ تأكيد بريدي + سجل CRM فقط)","","/ar/services/bp-hrsd-11","سعر ثابت (سلة فقط)","قديم","B1","ar/en/fr/zh","لا"
"BP-HRSD-12","تسوية خلاف عمالي — تجهيز الملف والمتابعة","العلاقات الحكومية","أ — تُشترى بسلة","إضافة للسلة (JS: bp_cart) ← /ar/cart ← /ar/checkout ← مُيسّر/تمارا","","جديد (SV1)","الأساسي: السلة: جديد · الدفع: جديد","ينقطع بعد الدفع: السلة لا تُنشئ طلباً في /my (لا تتبّع ولا مستندات ولا تسليم؛ تأكيد بريدي + سجل CRM فقط)","","/ar/services/bp-hrsd-12","سعر ثابت (سلة فقط)","قديم","B1","ar/en/fr/zh","لا"
"BP-HRSD-CS","استشارة بوابة المستفيد: شكوى أم طلب أم تصعيد؟","دعم الأعمال","أ — تُشترى بسلة","إضافة للسلة (JS: bp_cart) ← /ar/cart ← /ar/checkout ← مُيسّر/تمارا","","جديد (SV1)","الأساسي: السلة: جديد · الدفع: جديد","ينقطع بعد الدفع: السلة لا تُنشئ طلباً في /my (لا تتبّع ولا مستندات ولا تسليم؛ تأكيد بريدي + سجل CRM فقط)","","/ar/services/bp-hrsd-cs","سعر ثابت (سلة فقط)","قديم","B1","ar/en/fr/zh","لا"
"BP-QIWA-05","توثيق عقد العمل في قوى","العلاقات الحكومية","أ — تُشترى بسلة","إضافة للسلة (JS: bp_cart) ← /ar/cart ← /ar/checkout ← مُيسّر/تمارا","","جديد (SV1)","الأساسي: السلة: جديد · الدفع: جديد","ينقطع بعد الدفع: السلة لا تُنشئ طلباً في /my (لا تتبّع ولا مستندات ولا تسليم؛ تأكيد بريدي + سجل CRM فقط)","","/ar/services/bp-qiwa-05","سعر ثابت (سلة فقط)","قديم","B1","ar/en/fr/zh","لا"
"BP-QIWA-06","إصدار أو تجديد رخصة عمل للوافد","العلاقات الحكومية","أ — تُشترى بسلة","إضافة للسلة (JS: bp_cart) ← /ar/cart ← /ar/checkout ← مُيسّر/تمارا","","جديد (SV1)","الأساسي: السلة: جديد · الدفع: جديد","ينقطع بعد الدفع: السلة لا تُنشئ طلباً في /my (لا تتبّع ولا مستندات ولا تسليم؛ تأكيد بريدي + سجل CRM فقط)","","/ar/services/bp-qiwa-06","سعر ثابت (سلة فقط)","قديم","B1","ar/en/fr/zh","لا"
"BP-QIWA-07","إلغاء رخصة عمل","العلاقات الحكومية","أ — تُشترى بسلة","إضافة للسلة (JS: bp_cart) ← /ar/cart ← /ar/checkout ← مُيسّر/تمارا","","جديد (SV1)","الأساسي: السلة: جديد · الدفع: جديد","ينقطع بعد الدفع: السلة لا تُنشئ طلباً في /my (لا تتبّع ولا مستندات ولا تسليم؛ تأكيد بريدي + سجل CRM فقط)","","/ar/services/bp-qiwa-07","سعر ثابت (سلة فقط)","قديم","B1","ar/en/fr/zh","لا"
"BP-QIWA-08","إصدار شهادة الالتزام بالتوطين (السعودة)","العلاقات الحكومية","أ — تُشترى بسلة","إضافة للسلة (JS: bp_cart) ← /ar/cart ← /ar/checkout ← مُيسّر/تمارا","","جديد (SV1)","الأساسي: السلة: جديد · الدفع: جديد","ينقطع بعد الدفع: السلة لا تُنشئ طلباً في /my (لا تتبّع ولا مستندات ولا تسليم؛ تأكيد بريدي + سجل CRM فقط)","","/ar/services/bp-qiwa-08","سعر ثابت (سلة فقط)","قديم","B1","ar/en/fr/zh","لا"
"BP-QIWA-09","إدارة فروع المنشأة في قوى","العلاقات الحكومية","أ — تُشترى بسلة","إضافة للسلة (JS: bp_cart) ← /ar/cart ← /ar/checkout ← مُيسّر/تمارا","","جديد (SV1)","الأساسي: السلة: جديد · الدفع: جديد","ينقطع بعد الدفع: السلة لا تُنشئ طلباً في /my (لا تتبّع ولا مستندات ولا تسليم؛ تأكيد بريدي + سجل CRM فقط)","","/ar/services/bp-qiwa-09","سعر ثابت (سلة فقط)","قديم","B1","ar/en/fr/zh","لا"
"BP-FLEX-01","تسجيل المنشأة في العمل المرن وتوثيق عقوده","العلاقات الحكومية","أ — تُشترى بسلة","إضافة للسلة (JS: bp_cart) ← /ar/cart ← /ar/checkout ← مُيسّر/تمارا","","جديد (SV1)","الأساسي: السلة: جديد · الدفع: جديد","ينقطع بعد الدفع: السلة لا تُنشئ طلباً في /my (لا تتبّع ولا مستندات ولا تسليم؛ تأكيد بريدي + سجل CRM فقط)","","/ar/services/bp-flex-01","سعر ثابت (سلة فقط)","قديم","B1","ar/en/fr/zh","لا"
"BP-REMOTE-01","تسجيل المنشأة في العمل عن بُعد وتوثيق عقوده","العلاقات الحكومية","أ — تُشترى بسلة","إضافة للسلة (JS: bp_cart) ← /ar/cart ← /ar/checkout ← مُيسّر/تمارا","","جديد (SV1)","الأساسي: السلة: جديد · الدفع: جديد","ينقطع بعد الدفع: السلة لا تُنشئ طلباً في /my (لا تتبّع ولا مستندات ولا تسليم؛ تأكيد بريدي + سجل CRM فقط)","","/ar/services/bp-remote-01","سعر ثابت (سلة فقط)","قديم","B1","ar/en/fr/zh","لا"
"BP-TAQAT-01","تسجيل المنشأة في طاقات والاستفادة من برامج دعم التوظيف","العلاقات الحكومية","أ — تُشترى بسلة","إضافة للسلة (JS: bp_cart) ← /ar/cart ← /ar/checkout ← مُيسّر/تمارا","","جديد (SV1)","الأساسي: السلة: جديد · الدفع: جديد","ينقطع بعد الدفع: السلة لا تُنشئ طلباً في /my (لا تتبّع ولا مستندات ولا تسليم؛ تأكيد بريدي + سجل CRM فقط)","","/ar/services/bp-taqat-01","سعر ثابت (سلة فقط)","قديم","B1","ar/en/fr/zh","لا"
"BP-LABOR-01","فتح ملف المنشأة في بوابة قطاع العمل","العلاقات الحكومية","أ — تُشترى بسلة","إضافة للسلة (JS: bp_cart) ← /ar/cart ← /ar/checkout ← مُيسّر/تمارا","","جديد (SV1)","الأساسي: السلة: جديد · الدفع: جديد","ينقطع بعد الدفع: السلة لا تُنشئ طلباً في /my (لا تتبّع ولا مستندات ولا تسليم؛ تأكيد بريدي + سجل CRM فقط)","","/ar/services/bp-labor-01","سعر ثابت (سلة فقط)","قديم","B1","ar/en/fr/zh","لا"
"BP-SELF-01","التقييم الذاتي للامتثال وتصحيح المخالفات قبل التفتيش","العلاقات الحكومية","أ — تُشترى بسلة","إضافة للسلة (JS: bp_cart) ← /ar/cart ← /ar/checkout ← مُيسّر/تمارا","","جديد (SV1)","الأساسي: السلة: جديد · الدفع: جديد","ينقطع بعد الدفع: السلة لا تُنشئ طلباً في /my (لا تتبّع ولا مستندات ولا تسليم؛ تأكيد بريدي + سجل CRM فقط)","","/ar/services/bp-self-01","سعر ثابت (سلة فقط)","قديم","B1","ar/en/fr/zh","لا"
"BP-MOWA-01","شهادة مواءمة: تهيئة بيئة العمل لذوي الإعاقة","العلاقات الحكومية","أ — تُشترى بسلة","إضافة للسلة (JS: bp_cart) ← /ar/cart ← /ar/checkout ← مُيسّر/تمارا","","جديد (SV1)","الأساسي: السلة: جديد · الدفع: جديد","ينقطع بعد الدفع: السلة لا تُنشئ طلباً في /my (لا تتبّع ولا مستندات ولا تسليم؛ تأكيد بريدي + سجل CRM فقط)","","/ar/services/bp-mowa-01","سعر ثابت (سلة فقط)","قديم","B1","ar/en/fr/zh","لا"
"BP-CSR-01","تسجيل المنشأة في المسؤولية الاجتماعية وتوثيق مبادراتها","العلاقات الحكومية","أ — تُشترى بسلة","إضافة للسلة (JS: bp_cart) ← /ar/cart ← /ar/checkout ← مُيسّر/تمارا","","جديد (SV1)","الأساسي: السلة: جديد · الدفع: جديد","ينقطع بعد الدفع: السلة لا تُنشئ طلباً في /my (لا تتبّع ولا مستندات ولا تسليم؛ تأكيد بريدي + سجل CRM فقط)","","/ar/services/bp-csr-01","سعر ثابت (سلة فقط)","قديم","B1","ar/en/fr/zh","لا"
"BP-PR-03","تقييم أهلية الإقامة المميزة وتحديد مسارك","الإقامة المميزة","أ — تُشترى بسلة","إضافة للسلة (JS: bp_cart) ← /ar/cart ← /ar/checkout ← مُيسّر/تمارا","","جديد (SV1)","الأساسي: السلة: جديد · الدفع: جديد","ينقطع بعد الدفع: السلة لا تُنشئ طلباً في /my (لا تتبّع ولا مستندات ولا تسليم؛ تأكيد بريدي + سجل CRM فقط)","","/ar/services/bp-pr-03","سعر ثابت (سلة فقط)","قديم","B1","ar/en/fr/zh","لا"
"BP-PR-04","الإقامة المميزة — مسار مستثمر الأعمال","الإقامة المميزة","أ — تُشترى بسلة","إضافة للسلة (JS: bp_cart) ← /ar/cart ← /ar/checkout ← مُيسّر/تمارا","","جديد (SV1)","الأساسي: السلة: جديد · الدفع: جديد","ينقطع بعد الدفع: السلة لا تُنشئ طلباً في /my (لا تتبّع ولا مستندات ولا تسليم؛ تأكيد بريدي + سجل CRM فقط)","","/ar/services/bp-pr-04","سعر ثابت (سلة فقط)","قديم","B1","ar/en/fr/zh","لا"
"BP-PR-05","الإقامة المميزة — مسار رائد الأعمال","الإقامة المميزة","أ — تُشترى بسلة","إضافة للسلة (JS: bp_cart) ← /ar/cart ← /ar/checkout ← مُيسّر/تمارا","","جديد (SV1)","الأساسي: السلة: جديد · الدفع: جديد","ينقطع بعد الدفع: السلة لا تُنشئ طلباً في /my (لا تتبّع ولا مستندات ولا تسليم؛ تأكيد بريدي + سجل CRM فقط)","","/ar/services/bp-pr-05","سعر ثابت (سلة فقط)","قديم","B1","ar/en/fr/zh","لا"
"BP-PR-06","الإقامة المميزة — مسار مالك العقار","الإقامة المميزة","أ — تُشترى بسلة","إضافة للسلة (JS: bp_cart) ← /ar/cart ← /ar/checkout ← مُيسّر/تمارا","","جديد (SV1)","الأساسي: السلة: جديد · الدفع: جديد","ينقطع بعد الدفع: السلة لا تُنشئ طلباً في /my (لا تتبّع ولا مستندات ولا تسليم؛ تأكيد بريدي + سجل CRM فقط)","","/ar/services/bp-pr-06","سعر ثابت (سلة فقط)","قديم","B1","ar/en/fr/zh","لا"
"BP-PR-07","الإقامة المميزة — مسار الموهبة","الإقامة المميزة","أ — تُشترى بسلة","إضافة للسلة (JS: bp_cart) ← /ar/cart ← /ar/checkout ← مُيسّر/تمارا","","جديد (SV1)","الأساسي: السلة: جديد · الدفع: جديد","ينقطع بعد الدفع: السلة لا تُنشئ طلباً في /my (لا تتبّع ولا مستندات ولا تسليم؛ تأكيد بريدي + سجل CRM فقط)","","/ar/services/bp-pr-07","سعر ثابت (سلة فقط)","قديم","B1","ar/en/fr/zh","لا"
"BP-PR-08","الإقامة المميزة — مسار الكفاءة الاستثنائية","الإقامة المميزة","أ — تُشترى بسلة","إضافة للسلة (JS: bp_cart) ← /ar/cart ← /ar/checkout ← مُيسّر/تمارا","","جديد (SV1)","الأساسي: السلة: جديد · الدفع: جديد","ينقطع بعد الدفع: السلة لا تُنشئ طلباً في /my (لا تتبّع ولا مستندات ولا تسليم؛ تأكيد بريدي + سجل CRM فقط)","","/ar/services/bp-pr-08","سعر ثابت (سلة فقط)","قديم","B1","ar/en/fr/zh","لا"
"BP-PR-09","الإقامة المميزة — المسار المالي (دائمة أو سنوية)","الإقامة المميزة","أ — تُشترى بسلة","إضافة للسلة (JS: bp_cart) ← /ar/cart ← /ar/checkout ← مُيسّر/تمارا","","جديد (SV1)","الأساسي: السلة: جديد · الدفع: جديد","ينقطع بعد الدفع: السلة لا تُنشئ طلباً في /my (لا تتبّع ولا مستندات ولا تسليم؛ تأكيد بريدي + سجل CRM فقط)","","/ar/services/bp-pr-09","سعر ثابت (سلة فقط)","قديم","B1","ar/en/fr/zh","لا"
"BP-PR-10","ضمّ أفراد الأسرة تحت الإقامة المميزة","الإقامة المميزة","أ — تُشترى بسلة","إضافة للسلة (JS: bp_cart) ← /ar/cart ← /ar/checkout ← مُيسّر/تمارا","","جديد (SV1)","الأساسي: السلة: جديد · الدفع: جديد","ينقطع بعد الدفع: السلة لا تُنشئ طلباً في /my (لا تتبّع ولا مستندات ولا تسليم؛ تأكيد بريدي + سجل CRM فقط)","","/ar/services/bp-pr-10","سعر ثابت (سلة فقط)","قديم","B1","ar/en/fr/zh","لا"
"BP-SBC-21","الإبلاغ عن المستفيد الحقيقي","تأسيس الشركات","أ — تُشترى بسلة","إضافة للسلة (JS: bp_cart) ← /ar/cart ← /ar/checkout ← مُيسّر/تمارا","","جديد (SV1)","الأساسي: السلة: جديد · الدفع: جديد","ينقطع بعد الدفع: السلة لا تُنشئ طلباً في /my (لا تتبّع ولا مستندات ولا تسليم؛ تأكيد بريدي + سجل CRM فقط)","","/ar/services/bp-sbc-21","سعر ثابت (سلة فقط)","قديم","B1","ar/en/fr/zh","لا"
"BP-SBC-22","التأكيد السنوي لبيانات السجل التجاري","تأسيس الشركات","أ — تُشترى بسلة","إضافة للسلة (JS: bp_cart) ← /ar/cart ← /ar/checkout ← مُيسّر/تمارا","","جديد (SV1)","الأساسي: السلة: جديد · الدفع: جديد","ينقطع بعد الدفع: السلة لا تُنشئ طلباً في /my (لا تتبّع ولا مستندات ولا تسليم؛ تأكيد بريدي + سجل CRM فقط)","","/ar/services/bp-sbc-22","سعر ثابت (سلة فقط)","قديم","B1","ar/en/fr/zh","لا"
"BP-SBC-23","نقل ملكية السجل التجاري","تأسيس الشركات","أ — تُشترى بسلة","إضافة للسلة (JS: bp_cart) ← /ar/cart ← /ar/checkout ← مُيسّر/تمارا","","جديد (SV1)","الأساسي: السلة: جديد · الدفع: جديد","ينقطع بعد الدفع: السلة لا تُنشئ طلباً في /my (لا تتبّع ولا مستندات ولا تسليم؛ تأكيد بريدي + سجل CRM فقط)","","/ar/services/bp-sbc-23","سعر ثابت (سلة فقط)","قديم","B1","ar/en/fr/zh","لا"
"BP-SBC-24","نشر قرارات الجمعية العامة","تأسيس الشركات","أ — تُشترى بسلة","إضافة للسلة (JS: bp_cart) ← /ar/cart ← /ar/checkout ← مُيسّر/تمارا","","جديد (SV1)","الأساسي: السلة: جديد · الدفع: جديد","ينقطع بعد الدفع: السلة لا تُنشئ طلباً في /my (لا تتبّع ولا مستندات ولا تسليم؛ تأكيد بريدي + سجل CRM فقط)","","/ar/services/bp-sbc-24","سعر ثابت (سلة فقط)","قديم","B1","ar/en/fr/zh","لا"
"BP-SBC-25","اندماج شركتين أو استحواذ","تأسيس الشركات","أ — تُشترى بسلة","إضافة للسلة (JS: bp_cart) ← /ar/cart ← /ar/checkout ← مُيسّر/تمارا","","جديد (SV1)","الأساسي: السلة: جديد · الدفع: جديد","ينقطع بعد الدفع: السلة لا تُنشئ طلباً في /my (لا تتبّع ولا مستندات ولا تسليم؛ تأكيد بريدي + سجل CRM فقط)","","/ar/services/bp-sbc-25","سعر ثابت (سلة فقط)","قديم","B1","ar/en/fr/zh","لا"
"BP-SBC-26","توثيق متجر إلكتروني (سجل التجارة الإلكترونية)","دعم الأعمال","أ — تُشترى بسلة","إضافة للسلة (JS: bp_cart) ← /ar/cart ← /ar/checkout ← مُيسّر/تمارا","","جديد (SV1)","الأساسي: السلة: جديد · الدفع: جديد","ينقطع بعد الدفع: السلة لا تُنشئ طلباً في /my (لا تتبّع ولا مستندات ولا تسليم؛ تأكيد بريدي + سجل CRM فقط)","","/ar/services/bp-sbc-26","سعر ثابت (سلة فقط)","قديم","B1","ar/en/fr/zh","لا"
"BP-SBC-27","تسجيل ضمان في السجل العيني للحقوق","دعم الأعمال","أ — تُشترى بسلة","إضافة للسلة (JS: bp_cart) ← /ar/cart ← /ar/checkout ← مُيسّر/تمارا","","جديد (SV1)","الأساسي: السلة: جديد · الدفع: جديد","ينقطع بعد الدفع: السلة لا تُنشئ طلباً في /my (لا تتبّع ولا مستندات ولا تسليم؛ تأكيد بريدي + سجل CRM فقط)","","/ar/services/bp-sbc-27","سعر ثابت (سلة فقط)","قديم","B1","ar/en/fr/zh","لا"
"BP-SBC-28","إيداع القوائم المالية لدى وزارة التجارة","دعم الأعمال","أ — تُشترى بسلة","إضافة للسلة (JS: bp_cart) ← /ar/cart ← /ar/checkout ← مُيسّر/تمارا","","جديد (SV1)","الأساسي: السلة: جديد · الدفع: جديد","ينقطع بعد الدفع: السلة لا تُنشئ طلباً في /my (لا تتبّع ولا مستندات ولا تسليم؛ تأكيد بريدي + سجل CRM فقط)","","/ar/services/bp-sbc-28","سعر ثابت (سلة فقط)","قديم","B1","ar/en/fr/zh","لا"
"BP-SBC-29","ترجمة السجل التجاري وتوثيقها","دعم الأعمال","أ — تُشترى بسلة","إضافة للسلة (JS: bp_cart) ← /ar/cart ← /ar/checkout ← مُيسّر/تمارا","","جديد (SV1)","الأساسي: السلة: جديد · الدفع: جديد","ينقطع بعد الدفع: السلة لا تُنشئ طلباً في /my (لا تتبّع ولا مستندات ولا تسليم؛ تأكيد بريدي + سجل CRM فقط)","","/ar/services/bp-sbc-29","سعر ثابت (سلة فقط)","قديم","B1","ar/en/fr/zh","لا"
"BP-SBC-30","تصديق المستندات وأبوستيل عبر الخارجية","دعم الأعمال","أ — تُشترى بسلة","إضافة للسلة (JS: bp_cart) ← /ar/cart ← /ar/checkout ← مُيسّر/تمارا","","جديد (SV1)","الأساسي: السلة: جديد · الدفع: جديد","ينقطع بعد الدفع: السلة لا تُنشئ طلباً في /my (لا تتبّع ولا مستندات ولا تسليم؛ تأكيد بريدي + سجل CRM فقط)","","/ar/services/bp-sbc-30","سعر ثابت (سلة فقط)","قديم","B1","ar/en/fr/zh","لا"
"BP-SBC-31","تأسيس / قيد مؤسسة فردية جديدة","تأسيس الشركات","أ — تُشترى بسلة","إضافة للسلة (JS: bp_cart) ← /ar/cart ← /ar/checkout ← مُيسّر/تمارا","","جديد (SV1)","الأساسي: السلة: جديد · الدفع: جديد","ينقطع بعد الدفع: السلة لا تُنشئ طلباً في /my (لا تتبّع ولا مستندات ولا تسليم؛ تأكيد بريدي + سجل CRM فقط)","","/ar/services/bp-sbc-31","سعر ثابت (سلة فقط)","قديم","B1","ar/en/fr/zh","لا"
"BP-FI-08","المقر الإقليمي RHQ — التأهيل والتقديم","الاستثمار الأجنبي","أ — تُشترى بسلة","إضافة للسلة (JS: bp_cart) ← /ar/cart ← /ar/checkout ← مُيسّر/تمارا","","جديد (SV1)","الأساسي: السلة: جديد · الدفع: جديد","ينقطع بعد الدفع: السلة لا تُنشئ طلباً في /my (لا تتبّع ولا مستندات ولا تسليم؛ تأكيد بريدي + سجل CRM فقط)","","/ar/services/bp-fi-08","سعر ثابت (سلة فقط)","قديم","B1","ar/en/fr/zh","لا"
"BP-FI-09","مكتب تمثيل لشركة أجنبية","الاستثمار الأجنبي","أ — تُشترى بسلة","إضافة للسلة (JS: bp_cart) ← /ar/cart ← /ar/checkout ← مُيسّر/تمارا","","جديد (SV1)","الأساسي: السلة: جديد · الدفع: جديد","ينقطع بعد الدفع: السلة لا تُنشئ طلباً في /my (لا تتبّع ولا مستندات ولا تسليم؛ تأكيد بريدي + سجل CRM فقط)","","/ar/services/bp-fi-09","سعر ثابت (سلة فقط)","قديم","B1","ar/en/fr/zh","لا"
"BP-FI-10","تجديد ترخيص الاستثمار","الاستثمار الأجنبي","أ — تُشترى بسلة","إضافة للسلة (JS: bp_cart) ← /ar/cart ← /ar/checkout ← مُيسّر/تمارا","","جديد (SV1)","الأساسي: السلة: جديد · الدفع: جديد","ينقطع بعد الدفع: السلة لا تُنشئ طلباً في /my (لا تتبّع ولا مستندات ولا تسليم؛ تأكيد بريدي + سجل CRM فقط)","","/ar/services/bp-fi-10","سعر ثابت (سلة فقط)","قديم","B1","ar/en/fr/zh","لا"
"BP-FI-11","تعديل ترخيص الاستثمار (نشاط أو ملكية أو كيان)","الاستثمار الأجنبي","أ — تُشترى بسلة","إضافة للسلة (JS: bp_cart) ← /ar/cart ← /ar/checkout ← مُيسّر/تمارا","","جديد (SV1)","الأساسي: السلة: جديد · الدفع: جديد","ينقطع بعد الدفع: السلة لا تُنشئ طلباً في /my (لا تتبّع ولا مستندات ولا تسليم؛ تأكيد بريدي + سجل CRM فقط)","","/ar/services/bp-fi-11","سعر ثابت (سلة فقط)","قديم","B1","ar/en/fr/zh","لا"
"BP-FI-12","إلغاء ترخيص الاستثمار وإنهاء الكيان","الاستثمار الأجنبي","أ — تُشترى بسلة","إضافة للسلة (JS: bp_cart) ← /ar/cart ← /ar/checkout ← مُيسّر/تمارا","","جديد (SV1)","الأساسي: السلة: جديد · الدفع: جديد","ينقطع بعد الدفع: السلة لا تُنشئ طلباً في /my (لا تتبّع ولا مستندات ولا تسليم؛ تأكيد بريدي + سجل CRM فقط)","","/ar/services/bp-fi-12","سعر ثابت (سلة فقط)","قديم","B1","ar/en/fr/zh","لا"
"BP-FI-13","استشارة دخول السوق: أي ترخيص استثمار يناسبك","الاستثمار الأجنبي","أ — تُشترى بسلة","إضافة للسلة (JS: bp_cart) ← /ar/cart ← /ar/checkout ← مُيسّر/تمارا","","جديد (SV1)","الأساسي: السلة: جديد · الدفع: جديد","ينقطع بعد الدفع: السلة لا تُنشئ طلباً في /my (لا تتبّع ولا مستندات ولا تسليم؛ تأكيد بريدي + سجل CRM فقط)","","/ar/services/bp-fi-13","سعر ثابت (سلة فقط)","قديم","B1","ar/en/fr/zh","لا"
